질문	답변
제 상황에 어떤 선택이 좋은지 모르겠어서 질문글 남깁니다.집 컨디션은 비슷한 것 같아요 ㆍㆍㆍㆍㆍㆍㆍㆍㆍㆍㆍㆍㆍㆍㆍㆍㆍㆍㆍㆍㆍㆍㆍㆍ먼저 전세는 보증금 1.5억 생각 중입니다.청년버팀목전세자금대출(1억 2000만) + 신용대출(2000만) + 보유현금(1000만) 입니다. [월 이자] 》버팀목 = 18만원》신용대출(7% 가정) = 약12만원》총 40만원(관리비 10만포함)ㆍㆍㆍㆍㆍㆍㆍㆍㆍㆍㆍㆍㆍㆍㆍㆍㆍㆍㆍㆍㆍㆍㆍㆍ다음은 월세 3000~3500/20~30만입니다. 월세는 청년보증부 월세대출을 3500만원 받아서 월 이자는 다음과 같습니다.》보증부 = 3만 8천원》월세 20~30만원》총 34~ 44만원(관리비 10만 포함)ㆍㆍㆍㆍㆍㆍㆍㆍㆍㆍㆍㆍㆍㆍㆍㆍㆍㆍㆍㆍㆍㆍㆍㆍ은행에 문의해본결과 버팀목은 1.2억까지 다 나온다고 합니다(안전한 집이란 조건하에). 보증부 월세대출은 문의는 안했지만 버팀목도 되니까 될 것 같습니다. 제 직업은 아래와 같습니다.직업 : 중소기업 직원소득(세전) : 월 325만원(연봉 3900만원) 내년에 350만원으로 인상재직기간 : 올해 2월 ~신용점수 : KCB 753 / NICE 819나이 : 만25세(98년생)성별 : 남자신용카드 사용여부 : 아예 없음대출, 연체 여부 : 아예 없음전세, 월세 어떤게 좋으려나요..	월세가 차라리 더 좋아 보입니다 전체적으로 좀 싸게 들어가면 전세가 좋기는 하지만 오히려 전세가 더 많이 들어갈 가능성이 높습니다 게다가 깡통 전세나 경매 위험까지 있어서 전세는 좀 불안 합니다  년 정도 더 살다가 전세를 생각하거나 매매를 생각해 보시는게 좋습니다
서울 주거 포털에서 청년월세지원을 신청했는데 아직도 심사중이라고 뜹니다 월세지원 못받으면 월세 연장안하고 이사를 갈 예정 지원받으면 1년정도 지원받으며 연장하려고 하는데 이거 발표는 언제 나는지 알 수 있을까요..?아님 대략적으로 몇개월뒤에 심사가 끝난다 이런게 있을까요? 빨리 결정하고 다른 집을 알아보고 이사도 가야하는데답답해서 여쭤봅니다ㅠㅜ	결과 발표   월중 예정이라고 돼 있어요
인천 연수구 송도국제도로 123 오네스타 랑 최대한 가까운 곳으로 추천 부탁드립니다.서울 지역으로 부탁드립니다 월세 싸면 더 좋을꺼 같아요500~35까지만 부탁해요	신림동 독산동 신월동 시흥동 가산동 등등 입니다그러나 보통 원룸 월세가      만원 정도 이여서    부동산 중개소  여러곳에 예약 합니다  그러면 연락이 옵니다   주의사항은 저지대 지하층 침수주의  유흥가 소음주의 합니다
서울월세지원 10번 받아서 끝났는데 또 신청해서 또 받을수 있나요	답변드립니다최대   개월 지원받고    만원까지 가능한데 생애  회만 가능합니다그러므로 지금은 지원받지 못합니다 질문서울월세지원질문
서울시에서 하는 서울 월세지원에 선정되었는데4.5,6,7,8월 금액이 9월 말에 dream계좌로 입금된다고 하더라고요 제가 당장 8월 월세낼 돈을 부모님한테 지원을 받아서 내고9월에 지원금으로 나온 돈을 부모님께 계좌이체 해드려도 상관없나요?결론은 월세 지원금으로 들어온 돈을 부모님께 이체 해드려도 되는지가 궁금합니다. 이렇게 개인적인 용도로 사용도 가능한지요	괜찮습니다
마음에 드는 원룸이 보증금 5천 월세20 관리비 10입니다최우선변제금액이 3400만원이구요건물시세가 밸류맵으로 확인해봤을때 7억8천8백만원이였구요 등기부등본에 채권최고액이 5억4천으로공동담보로 잡혀있었습니다안전한 집 일까요…..	상태로 보았을때 안전하지 않습니다 혹시 모를 위험애 대비해서 다른곳을 찾는걸 추천 드립니다   궁금증이 풀리셨다면 채택 부탁드립니다
서울에 월세 싼곳이 많은 이유가 몬가여? 부동산 앱으로 확인하니깐 60/60 이거나 55/55인 곳도 많던데, 왜이리 다 싼거죠?? 무슨 문제가 있는건가여??	안녕하세요  서울지방변호사회 소속으로 지식   법률상담을 진행하고 있는 최홍준 변호사입니다   부동산 시세의 경우 수요와 공급으로 정해집니다   직접 눈으로 확인한것은 아니지만      의 경우 사진상의 크기보다 매우 작은 방이기 때문에 금애이 낮은 것 일수도 있습니다   수요와 공급으로 금액은 조정될 수밖에 없습니다
제출서류 중에 월세 이체 확인증이 필요하던데, 공고문에는 6~8월로 되어 있더군요. 제가 9월 15일에 첫 월세를 납부했는데 신청 대상이 아닌 건가요?	아쉽게도 불가
서울에서 35년을 부모님 밑에 있다가 지방에 취직하면서 아무생각없이 월세를 계약하고 전입신고를 했습니다.그런데 서울에서의 분양권 청약이라고 해볼라면 서울에 살아야 한다고 하더러고요.제 질문은 다음과 같습니다.1. 부모님 집으로 다시 세대원으로 들어가게 될경우 세금 또는 법적으로 문제가 생기나요? 연봉이 기준치를 넘어가서 세액공제는 어차피 못 받급니다2. 부모님 집에 세대원으로 들어갈 경우 월세집은 계약은 제 이름으로 계속 하더라도 문제는 없나요? 어차피 보증금이 매우 싸서 없는돈이라고 생각하고 띠어먹혀도 상관은 없습니다. 3. 제가 세대원으로 들어갈 경우 부모님의 국민연금 및 노령연금 등에 문제가 발생하나요?4. 서울로 다시 전입신고를 하면 주택청약적금도 다시 가입 시작하거나 주택청약적금 쪽에 다시 이야기 해야 하는게 있나요?5. 월세집은 재계약하되 전입은 안해도 되는 거죠?6. 자동차등록 및 면허증도 바꿔야 하나요?	부모님 집으로 다시 세대원으로 들어가게 될 경우 세금 또는 법적으로 문제가 생기나요  연봉이 기준치를 넘어가서 세액공제는 어차피 못 받습니다   답변  특별한 문제는 없습니다      부모님 집에 세대원으로 들어갈 경우 월세집은 계약은 제 이름으로 계속 하더라도 문제는 없나요  어차피 보증금이 매우 싸서 없는돈이라고 생각하고 띠어먹혀도 상관은 없습니다   답변  해당주택이 경매에 넘어갈 경우 보증금을 온전히 반환받지 못할 수 있습니다      제가 세대원으로 들어갈 경우 부모님의 국민연금 및 노령연금 등에 문제가 발생하나요   답변  문제가 되지 않습니다      서울로 다시 전입신고를 하면 주택청약적금도 다시 가입 시작하거나 주택청약적금 쪽에 다시 이야기 해야 하는게 있나요   답변  기존 주택청약종합저축을 그대로 유지하면 됩니다      월세집은 재계약하되 전입은 안해도 되는 거죠   답변  질문인의 주민등록을 전출하면 해당주택이 경매에 넘어갈 경우 보증금을 온전히 반환받지 못할 수 있습니다      자동차등록 및 면허증도 바꿔야 하나요   답변  자동차등록 및 면허증은 변경하지 않습니다    이상입니다
제가 올해 8월달부터 주소지를 지방 본가에서 서울로 옮기고 서울 청년월세 한시 특별지원 정책 혜택을 받고싶은데 신청기간이 끝난건가요..? 다른 월세지원받을 방법이 없을까요??ㅠㅜ	제가 올해  월달부터 주소지를 지방 본가에서 서울로 옮기고 서울 청년월세 한시 특별지원 정책 혜택을 받고싶은데 신청기간이 끝난건가요    다른 월세지원받을 방법이 없을까요        서울 신청이 끝났다면 국가 지원의 복지로에서 신청을 하시면 되겠지요  오는  월까지는 신청이 가능한 것이고   가지 중  가지만 받을 수가 있으니까요
서울청년월세지원 2차모집 자격만되면 지원받을확률 높은가요?	자격에 해당한다면 지원 받을 확률이 높습니다
이번에 서울시에서 하는 청년 월세 지원금 신청을 했습니다. 그런데 신청 기간이 지나고 다시 해당 지원 부분을 살펴보니 가족 관계 증명서를 상세로 제출을 해야 한다는 사실을 알았습니다.제가 상세가 아닌 기본으로 제출을 해버렸는데, 혹시 이의 신청 기간에 다시 제출을 하여 지원금 신청이 가능 할까요?혹은 기본으로 제출을 해도 별다른 문제가 없을까요?답변 미리 감사합니다.	다시 추가 접수한다고 하고 직접 제출하면 될 거 같아요                                                                                                                                                                                                                                                   청년월세 한시 특별지원  지원대상  지원금액 최대  만원까지        청년월세 한시 특별지원 신청방법은 주소지 관할 주민센터에 청년 본인이 방문하거나 복지로               에서 온라인으로 신청이 가능합니다  방문 신청시 본인이 내방하는 것을 원칙으로 하나 불가피한 경우 법적 대리인을 통해 신청이 가능합니다
서울 잠실 현재 7000/50기준 보증금을 올리고 월세를 낮추고 싶은데보통 보증금 +얼마에 월세 -얼마가 될까요?	대통령 에 의해 기준금리    에 월세 환산율이 있으니 월세를 얼마로 낮추기 원하는지 에 따라 계산 됩니다
안녕하세요. 최근에 직장에서 해고되어서, 생활비로 쓴 카드빚을 2주째 갚지 못하는 상태에 있습니다. 오늘 카드사에서 연락이 왔는데, 오늘까지 갚지 못 하면 압류에 들어간다고 하더라고요.  여기서 제 질문은 1. 월세 보증금 (서울, 5000만원)까지 압류가 가능한지가 궁금합니다.  2. 제 집에는 평범한 가재도구 말고는 그나마 값 나갈 게 냉장고 한 대, 컴퓨터 한 대, 프린터 한 대, 세탁기 한 대 딱 4개밖에 없긴 한데, 이것들도 압류가 가능한지 궁금하고요.3. 현재 무직인 제가 개인파산을 신청할 자격이 될까요?답변 부탁드립니다. 감사합니다.	안녕하세요  서울지방변호사회 소속으로 지식   법률상담을 진행하고 있는 김소현 변호사입니다     월세 보증금  서울      만원 까지 압류가 가능한지가 궁금합니다   서울의 경우 보증금      만원까지 압류금지채권으로 압류가 불가능합니다      제 집에는 평범한 가재도구 말고는 그나마 값 나갈 게 냉장고 한 대  컴퓨터 한 대  프린터 한 대  세탁기 한 대 딱  개밖에 없긴 한데  이것들도 압류가 가능한지 궁금하고요    채무자 명의의 집기류 냉장고  컴퓨터 등 살림살이 는 유체동산 압류가 가능합니다      현재 무직인 제가 개인파산을 신청할 자격이 될까요    현재 무직으로 소득이 없으시고  채무가 많아 지급불능 상태에 있으신 경우라면 파산 및 면책 신청이 가능할 수 있습니다  다만 상황에 따라 다르실 수 있으니  채권자를 알 수 있는 서류를 지참하시어 가까운 변호사사무실을 방문하여 상담받아 보시거나 서민금융지원통합센터 국번없이      를 방문하시어 채무에 대한 종합상담을 받아보시기를 추천드립니다
서울 월세 지원을 받고 있는데 그동안 계좌이체로 월세를 납인한 상태에서 신용카드 월세 납입으로 변경하면 지원을 받지 못하는건가요?	서울 월세 지원을 받고 있는데 그동안 계좌이체로 월세를 납인한 상태에서 신용카드 월세 납입으로 변경하면 지원을 받지 못하는건가요       아니지요  그런 경우는 이체내역서 대신  신용카드 결재 내역 을 뽑아서 보내시면 되겠지요
서울시 청년월세지원 오늘도 가능한가요? 아니면 내년에 지원해야하나요?	신청가능한 기간에 신청하셔야합니다
제 직장은 안산이고 여자친구 직장 역삼역이라서... 총신대입구쪽이나 2호선쪽을 보고있는데...2~4천 보증에 월세 60~80만원 투룸이 있을까요?위치 알려주시면 감사하겠습니다. 역세권이 아니라도 상관없어요	희망지역 선정하신 뒤네이버 부동산에 투룸 월세 조건으로 검색해보세요물건 있다면 그 매물 올린 부동산에 전화
제 나이는 25살이고 자취하려고 계획 중인데 청년월세지원되는 게 있는지 알아보는 중입니다.. 일단 저는 소득은 없고 모아놓은 돈은 1200만원 정도 있습니다. 부산이나 서울 혹은 정부에서 월세지원, 주거급여 지원되는 것 있으면 정보 공유 부탁드립니다..!!	안녕하세요  질문에 정성껏 답변드리겠습니다   질문부산이나 서울 청년월세지원 중 인것 있을까요  혹은 정부에서 지원하는 거라도요  제 나이는   살이고 자취하려고 계획 중인데 청년월세지원되는 게 있는지 알아보는 중입니다   일단 저는 소득은 없고 모아놓은 돈은     만원 정도 있습니다 부산이나 서울 혹은 정부에서 월세지원  주거급여 지원되는 것 있으면 정보 공유 부탁드립니다      답변 소득이 없으므로  정부 주거급여의 주거지원형에 해당될 가능성이 있습니다  다만  소득인정액이 기준 중위소득     이하인지 확인이 필요합니다     최근 주거비가 급격히 늘어나면서 다달이 나가는 월세로 인해 많은 분들이 경제적 부담을 느끼고 있는데요  다달이 내야하는 월세비로 경제적 부담을 느끼고 있는 분들을 위해 최대    만 원까지 간편하게 월세환급금을 받아주는 서비스가 생겼습니다   바로  자리톡 월세 환급 서비스 인데요  아래 블로그 참고하시면 자리톡 월세 환급 신청을 간편하게 하실 수 있고  내 월세 환급금까지 미리 조회하실 수 있으니 참고하셔서 기한 지나기전에 월세 환급금 수령 받으시길 바랍니다                자리톡 월세 환급 신청 총 정리   최대    만원 지급  월세환급 신청 바로가기 내 월세환급금 조회하기 자리톡 월세환급  초정리  자리톡 월세 환급 자리톡에서는 월세 환급 서비스를 지원하고 있습니다  이를 활용하면 최대    만 원까지 수령할 수 있습니다  근래에 주거비가 많이 상승하면서 많은 분들이 경제적으로 부담을 느끼고 있는 추세입니다  이에 따라 자리톡에서 지원하는 월세 환급 서비스를 이용하여 최근  년간 납부한 월세에 대한 환급금 신청을 하시길 권장드립니다  아직 월세 환급금을 수령받지 못하셨다면  이 기회를 놓치지 마시고 위에 참고하셔서 빠르게 신청 후 월세 환급금을 지급받으시
4월에 월세로들어가서 서울청년월세 신청해서 승인까지났는데 8월에 다른곳으로 이사하게되서 계약서도 다시했고 이전도 끝났는데 이런경우는 못받을수도잇는건가요.?4월에 계약한곳과 다른곳이라서 어떻게되는건지 알수가없네요ㅠ1. 4월에 월세계약한곳과 8월에 계약한곳이 틀림. 이사는한상태고 전입신고도 끝났고 주소변동됬다고 수정도 함2. 4월부터 금액을받을수있는건지 아님 8월이라 신청이 취소될수있는건지 8월부터 금액으로 산정되는건지.	월에 월세계약한곳과  월에 계약한곳이 틀림  이사는한상태고 전입신고도 끝났고 주소변동됬다고 수정도 함     이사를 했다면 이사 후 즉시  주소변경  신청을 하여 간편 심사를 했다면 지원이 되어야겟지요      월부터 금액을받을수있는건지 아님  월이라 신청이 취소될수있는건지  월부터 금액으로 산정되는건지      지금 이미 문제가 있어 보이므로 전화로 가능 여부를 따쟈 봐야겟지요
제가 서울 월세 지원을 신청하려고 하는데 임차인이 꼭 본인이어야 하나요??월세 보증금은 400/30 이고, 지방 살다가 대학때문에 올라와서 자취하고 있거든요.나이 20살, 만으로 19살이고요임차인이 아빠이름으로 되어있습니다.근데 월세는 현재 제가 알바로 벌어서 내고 있거든요.그래도 임차인에 제가 아니라서 월세 지원이 안 될까요???아니면 임차인을 저로 바꾸는 건 가능한가요?혹시 다 안 된다면 서울 월세혜택같은 것이 있을까요???	그건 불가합니다        서울시 청년 월세 지원사업 하반기 지원내용은 월   만원씩 최대   개월 동안총    만원 생애  회 의 월세를 지원합니다 지원대상  서울시에 거주하는 만   세   세 이하 청년  인가구  가구당 기준 중위소득      이하 가구  신청기간               화    시          목    시까지 신청방법은 서울주거포털에서 가능하며관련 내용은 하단 링크를 참고하세요                    서울시 청년월세지원  신청방법  신청기간  서류      서울 청년월세지원사업 서울시 청년 월세 지원   서울시가 서울에 거주중인 청년들의 주거비 부담 월세부담을 줄이고자 주거수준 향상을 위해       서울시  차 청년월세지원사업 을 모집합니다  서울시 청
1. 서울 오래된 건물 말고 신식으로 된 월룸 정도로 보증금은 얼마 정도 되나요?얼세는 어느정도 되나요?대략 몇에서 몇정도 되는지 알려주세요.제가아는건 보증금은 500~1000월세는 50~70으로 알고 있습니다.	제가아는건 보증금은          월세는      으로 알고 있습니다       지역에 따라  입지에 따라  쾌적성에 따라 다르므로 일률적으로 얘기 할 수가 없는 질문이지요 님이 원하는 지역의 중개업소에 물어 보는 것이 좋겟지요
안녕하세요. 월세지원금 당첨 후 10~12월 월세 지원금을 받은적이 있는데, 그 후 1월부터 이사를 하여 집을 옮기게 되었습니다.이사 후에도 월세 지원금을 계속 받을 수 있을까요?서울 주거포털과 서울주택도시공사에 연락을 해보았는데,서울 주거포털에서는 서울주택도시공사에 연락해보라고 하고, 서울 주택도시공사는 아예 전화를 받지 않고있는 상황이라 여기에 적어봅니다.	월세지원금 당첨 후      월 월세 지원금을 받은적이 있는데  그 후  월부터 이사를 하여 집을 옮기게 되었습니다  이사 후에도 월세 지원금을 계속 받을 수 있을까요       그러지요  이사 후에도 대상 요건에 합치가 된다면 주소 변경 신고를 하여 계속 이어가면 될 것이고  요건을 이탈한 경우라면 지원 중지 신청을 해야겠지요
월세 지원 받는 도중 서울내로 다른 원룸으로 이사가면  그거 얘기해야 하나요?	서울 월세지원 질문이요 비공개채택률   마감률   월세 지원 받는 도중 서울내로 다른 원룸으로 이사가면  그거 얘기해야 하나요     질문답변  네 수급중에 이사가면 임대차계약서 다시내야해요   출처 링크 안내문자료                     년 서울시 청년월세지원 사업  신청방법  서류  심사기간      서울시 청년월세지원 청년들의 주거 안정을 위한      서울 청년월세   만원 지원금   서울시 청년월세지원 사업은 청년들이  주거 고민 없이 즐거운 미래 를 꿈꿀 수 있도록  청년월세 를 지원하는 사업 입
제가 올해 1월을 마지막으로 서울월세지원이 끝났는데재신청하려면 몇년걸리나요?	관련 기관에 문의해보세요
서울에 일자리를 새로 알아보고 이제 월세방을 잡을려고하는데 제가 대구에 살아서 서울을 잘몰라요 그래서 직장이 일단 이수역,아니면 청담이 직장될거같은데근처에 방값 한 1000/50정도 생각하고있는데 좋은곳 추천좀해주세요.지하철 좀타도되니까 저렴한곳 알려주세요 사람이 살수있는곳으로.광고 차단합니다	안녕하세요  서울 월세에 대해 문의하셨군요  일단 이수역과 청담은 서울에서 상당히 멀리 떨어진 지역이기 때문에  월세가         정도로 생각하시면 좋은 지역을 찾기는 어려울 것 같습니다  하지만 지하철을 이용하시면 이동이 가능하기 때문에  지하철 역 주변에서 좀 더 저렴한 월세를 찾아보시는 것도 좋은 방법입니다  예를 들어  이수역 근처에서는 신림  남성  보라매  방배 등의 지하철 역 주변에서 월세를 찾아보시는 것이 좋을 것 같습니다  이 지역들은 대학교나 학원 등이 밀집해 있어서 저렴한 월세를 찾을 수 있는 가능성이 높습니다  또한 청담 근처에서는 압구정  청담  강남  삼성 등의 지하철 역 주변에서 월세를 찾아보시는 것이 좋을 것 같습니다  이 지역들은 상권이 발달해 있어서 월세가 비싼 편이지만  조금 더 외곽 지역으로 가면 저렴한 월세를 찾을 수도 있습니다  마지막으로  부동산 중개업소를 방문하시면 더 다양한 월세 정보를 얻을 수 있습니다  부동산 중개업소에서는 지역별로 월세 정보를 제공해주기 때문에  원하시는 지역에서 월세를 찾는 데 도움이 될 것입니다  참고로  광고 차단은 저도 당연히 지켜드리겠습니다  감사합니다
서울에 월세(남편명의)계약후 제(아내)가 세대주로 전입신고와 확정일자를 받았는데 아내명의 소유의 인천집을 매도후 그곳에 그대로(아내명의 계약)전세로 일정기간 살려고 합니다.피치못할 사유로 두군데 모두 계약을 일정기간 유지하게 되는데요..1. 인천집 전세계약시에 제가 전입신고,확정일자를 받으면 세대가 분리되는데 서울 월세집은 세대주변경만하면 이전에 확정일자 받은것은 아무 영향없나요? 2. 일정기간 지나고 임대신청을 하려하는데 따로 있는 경우도 임대 신청요건이 되나요? 된다면 어느지역이 1순위가 되는건가요?	인천집 전세계약시에 제가 전입신고 확정일자를 받으면 세대가 분리되는데 서울 월세집은 세대주변경만하면 이전에 확정일자 받은것은 아무 영향없나요      전입신고와 확정일자는 세대주와는 아무런 관계가 없는 것이고   임차인 을 보호하는 기능인 것이지요 임대차 주택에 임차인 가족 포함 만 전입신고를 유지하면 대항력은 유지가 되지요     일정기간 지나고 임대신청을 하려하는데 따로 있는 경우도 임대 신청요건이 되나요  된다면 어느지역이  순위가 되는건가요      무주택 세대주 요건을 갖춰서 기간을 확보했다면 거주 지역에서의  순위는 유지가 되겠지요
월세 2얼 7000/10 이게 무슨뜻인가요?? 사회생활 이제 시작하는 어린이라서..잘모르겠습니다 집 볼때 어떤걸 봐야하는지 알려주세요..	보증금 억     천에 월  만원 월세
안녕하세요 월세지원금 선정되서 금일 입금이 되었습니다6,7,8월 이체증 등록해서 오늘들어왔는데 다음달부터 1달마다 들어오는걸가요?	안녕하세요 월세지원금 선정되서 금일 입금이 되었습니다       월 이체증 등록해서 오늘들어왔는데 다음달부터  달마다 들어오는걸가요       개월 단위로 지원 신청을 한다는 얘기가 있었으므로     월치를   월에 지원 신청을 하게 되겟지요
서울에서 집을 구하고 있는데 집 주인은 기업이고요. 거래가 19억인데 22.6.21 날짜로 근저당이 18억2400으로 뜨더라고요.저는 보증금 3000으로 들어갈 예정인데 서울 월세 최우선 변제금 5500까지 가능하다고 하는데크게 신경 안쓰고 안심하고 들어가도 괜찮을까요?? ㅠㅠ 계약서 작성시 제가 신경 써야하는 부분이 있다면 뭐가 있을까요?>	하지만 일반적으로 보증금과 월세 최우선 변제금은 계약 조건에 따라 다를 수 있습니다  따라서  집 주인과 상의하여 명확한 계약 조건을 확인하고  변제금에 대한 안심을 위해 변제금이 어떤 경우에 발생하는지  어떤 조건으로 변제금이 지급되는지 등을 확인하는 것이 좋습니다  또한  계약서 작성시에는 계약 기간  임대 조건  유지 보수 책임 등에 대해 신경 써야합니다  이러한 사항들을 명확히 기재하여 양측이 동의한 후에 계약을 진행하는 것이 좋습니다  이러한 경우에는 변호사나 부동산 전문가와 상담하여 상세한 조언을 받는 것이 좋습니다
안녕하세요 이번에 서울에 자취를할건대  서울보증금이 보통 500~1000정도 하던대 이정도 돈을갖고있지않습니다그래서 월세보증금대출을 받고싶은데 아무것도 모르는상태라 보통 집을 구하실때대출이 대는지 확인을하고 집을구한다음 대출을받나요???	먼저 은행에 가서 대출 상담을 받으세요  청년이지요  관련 우대 상품이 있을 겁니다   그와 동시에 부동산 사무소에 가서 상담을 하세요 그냥 물어 보러 가도 됩니다
청년월세지원금이 들어왔는데 원래 한달에 20만원씩 들어오는거 아닌가요? 저는 60만원이 들어왔는데 3달치가 한번에 들어온건가요?	질문에 답변드리겠습니다  서울시 월세 지원은 매월   만원 씩 지급하게 되고   만원이 지급되었다면  개월 분이 한꺼번에 지급된 것으로 보입니다
Q1) 90년대 초반 대기업 신입사원,대리 월급Q2) 90년대 초반 서울 원룸 월세Q2) 90년대 초반 서울 10평대 아파트 월세아시는분계시면 답변 부탁드려요. 내공 100입니다!	년대 초반 대기업 신입사원의 월급은 평균    만원 정도였습니다  대리는 평균    만원 정도였습니다     년대 초반 서울 원룸 월세는 평균   만원 정도였습니다     년대 초반 서울   평대 아파트 월세는 평균   만원 정도였습니다                                                                                  클래식핏 일자 루즈핏 면혼방 라운드넥 반팔티 여성반티 반팔 티셔츠   태웅나라  태웅나라  좋은제품  좋은가격                                                                                                                  하이웨스트 슬림핏 와이드 일자 청바지 여여름 신상   태웅나라  태웅나라  좋은제품  좋은가격                                                                               곰곰 맛있는 꿀고구마                                        이 포스팅은 쿠팡 파트너스 활동의 일환으로  이에 따른 일정액의 수수료를 제공받습니다
이정도 가격이면 진짜로 안좋나요??	서울 월세   만원 정도로 구할려고 하는데 이정도 가격이면 진짜로 안좋나요        게약 조건에 보증금이 얼마냐에 따라서  주택의 크기에 따라서  주택의 입지에 따라서 천차만별한 것이므로 그렇게 물으면 답을 할 수가 없겠지요
빠르면 한달뒤 늦으면 내년 2-4월사이에 서울 양평역쪽 회사로 이직 생각 중인데양평역근처나 바로 가는 지하철있는 월세 싼곳 어디없나요?바로 안가더라도 다른곳 대비 월세 싼 곳도 알려주세요신림빼구요!	안녕하세요  질문에 상세히 답변드리겠습니다   질문서울 월세 싼 곳빠르면 한달뒤 늦으면 내년    월사이에 서울 양평역쪽 회사로 이직 생각 중인데  양평역근처나 바로 가는 지하철있는 월세 싼곳 어디없나요  바로 안가더라도 다른곳 대비 월세 싼 곳도 알려주세요 신림빼구요   답변 신림을 제외한 월세가 저렴한 곳으로는  다음과 같은 곳이 있습니다    노원구  상계동  월계동  공릉동  중랑구  상봉동  망우동  면목동  광진구  구의동  자양동  군자동  관악구  봉천동  신림동  남현동  동작구  상도동  사당동  대방동  금천구  독산동  가산동  구로구  구로동  가리봉동  천왕동 이러한 지역은 월세가 저렴한 편이지만  교통이 불편하거나  치안이 불량하거나  주거환경이 열악한 경우가 있으므로  사전에 충분히 검토하시는 것이 좋습니다     최근 주거비가 급격히 늘어나면서 다달이 나가는 월세로 인해 많은 분들이 경제적 부담을 느끼고 있는데요  다달이 내야하는 월세비로 경제적 부담을 느끼고 있는 분들을 위해 최대    만 원까지 간편하게 월세환급금을 받아주는 서비스가 생겼습니다   바로  자리톡 월세 환급 서비스 인데요  아래 링크에 들어오시면 자리톡 월세 환급 신청을 간편하게 하실 수 있고  내 월세 환급금까지 미리 조회하실 수 있으니 참고하셔서 기한 지나기전에 월세 환급금 수령 받으시길 바랍니다                자리톡 월세 환급 신청 총정리 월세환급 바로 신청하기 내 월세환급금 조회하기 자리톡 월세환급  초정리   위의 링크를 통해 월세 환급 방법 및 환급금 확인  환급 서비스  월세 임대 환급금 신청 방법까지 확인할 수 있습니다   자리톡 월세 환급 신청 자리톡에서는 월세 환급 서비스를 제공하고 있습니다  이 서비스를 이용하면 최대    만 원까지 돌려받을 수 있습니다  최근들어 주거비가 급격하게 상승하면서 많은 사람들이 다달이 부담을 느끼고 있습니다  따라서 자리톡에서 제공하는 월세 환급 서비스를 활용하여 최근  년간의 월세 환급까지 신청하시기 바랍니다  월세 환급
월세 지원받는거 올해 조건이 어떻게 되는지 알 수있나요?	질문사항에 대한 답변입니다  안녕하세요  서울생활 행복도우미    다산콜센터 지식파트너입니다         년 서울 청년월세지원 사업 공고는  월 예정으로 아직 확인되지 않습니다      상기 자료는 서울시 기준으로 안내되는 내용으로  답변 드리는 시점에서 유효함을 안내드립니다   법령 개정 및 정책 변경에 따라 변경될 수 있습니다   더 궁금하신 사항은 다산콜센터 트위터                                     카카오톡에서  서울톡                                을 친구추가하시면 편리하게 이용하실 수 있습니다   생활속의 불편한 불법주정차  청소 등 민원은 서울스마트불편신고 앱                                    을 통해서도 접수 가능합니다 드린 답변이 궁금증 해소에 도움이 되셨기를 바라며  행복한 하루 보내시기 바랍니다
2021년 02월에 대학교 졸업한 청년(만 19-34세 이하)입니다. 올해 11월, 12월 쯤에 서울로 취업을 하려고 합니다.그런데 집이 문제입니다....(현재도 본가 떠나 자취 중인 상태라, 1인 가구로서 중위소득 150% 미만입니다.)서울에 집을 알아봤는데 조금 살 만하겠다 싶으면 월세가 70-80만원정도더군요. 너무 놀랐습니다.지방에서 서울로 취업하는 청년에게월세 / 전세 지원해주는 제도가 뭐가 있나요?서울 월세 지원은 보니까 대학교 졸업 후 2년 넘은 사람에게만 지원한다 하더라고요.그 요건에는 아직 충족되지 않아서 다른 방법들도 알아보고 싶습니다.지방에서 서울로 취업하는 청년이 얻을 수 있는 대표적인 혜택들 좀 알려 주세요!	서울 취업 전세 월세 지원 제도 뭐가 있나요 내공   비공개채택률   마감률       년   월에 대학교 졸업한 청년 만      세 이하 입니다 올해   월    월 쯤에 서울로 취업을 하려고 합니다  그런데 집이 문제입니다     현재도 본가 떠나 자취 중인 상태라   인 가구로서 중위소득      미만입니다   서울에 집을 알아봤는데 조금 살 만하겠다 싶으면 월세가      만원정도더군요  너무 놀랐습니다  지방에서 서울로 취업하는 청년에게월세   전세 지원해주는 제도가 뭐가 있나요  서울 월세 지원은 보니까 대학교 졸업 후  년 넘은 사람에게만 지원한다 하더라고요 그 요건에는 아직 충족되지 않아서 다른 방법들도 알아보고 싶습니다  지방에서 서울로 취업하는 청년이 얻을 수 있는 대표적인 혜택들 좀 알려 주세요     질문답변  아쉽지만 현재 마감 이라고 하네요 서울은 ㅜㅜ    출처 링크 안내문자료                     년 서울시 청년월세지원 사업  신청방법  서류  심사기간      서울시 청년월세지원 청년들의 주거 안정을 위한      서울 청년월세   만원 지원금   서울시 청년월세지원 사업은 청년들이  주거 고민 없이 즐거운 미래 를 꿈꿀 수 있도록  청년월세 를 지원하는 사업 입
저는 지금 경기도 소속의 청년으로 지난 3,4분기 금액을 경기도 국민지원금으로 받고 이제 1분기 자동신청된 상황입니다.근데 현재는 서울에서 일을 해야 하는 상황이 생겨 곧 서울에 자취를 해야 하는 상태인데요청년 자취관련된 제도를 찾다가 서울에서 월세를 지원해주는 정책을 찾았어요4월에 시작한다고 들었는데 이 조건중 하나가 전입신고를 해야 한다고 하더라구요그렇다는 건 서울시민이 된다는 건데 그렇게 되면 제가 여태 경기도민으로서 받고 있던 경기도 청년지원금은 어떻게 되는 것이며,어떤 후 처리를 해야 맞는 걸까요...+전입신고하는데 얼마나 걸리는지도 좀 알려주세요!질문에 맞는 답변만 부탁드립니다	경기도 청년지원금은 신청 후 주소지 변경해도 나옴   서울 월세지원금 전입신고 해야합니다전입신고는 부동산 계약 후 당일 주민센터에서 바로 됩니다                 청년 월세 지원       청년 월세지원금 신청방법  서류  신청일      청년 월세 지원 청년 월세 지원사업       년부터 소득이 낮은 청년들에게 월세를 지원하는 청년 월세 지원 사업이 시행될 전망입니다  기획재정부 주재로 열린 제 차 재정사업평가위원회에서 조사가 완료된
6월 7월 8월  3 개월동안 서울에서 4명이서 단기로 자취를 합니다 지역은 노량진,신림,신길  부근으로 갈 것 같습니다. 단기에 4명이라 방구하는게 쉽지 않을 것 같은데....보증금이랑 월세가 얼마정도 나올까요?방은 최소 투룸 보고 있습니다.	안녕하세요  다방입니다 월세에 대해 궁금하시군요  다방이 도와드리겠습니다  보증금 및 월세의 경우 지역 및 방크기 등에 따라 천차만별 입니다  우선 다방앱 필터에서 지역을 검색하신 후 추가필터를 통해 단기가 가능한 매물을 살펴보시기 바랍니다 다방앱을 통해 단기가능   투룸이상   신림동 지역을 검색해본 결과   건의 매물을 확인하였으며 방크기 위치에 따라 보증금 월세가 모두 다르기 떄문에 현재 나와 있는 매물의 가격과 질문자님이 보유하신 자산과 비교하신 후 만족스러운 매물을 찾으시길 바랍니다                      저희 다방의 답변이 질문자님께 도움이 되었길 바랍니다 감사합니다    다방 홈페이지                                       다방 블로그                                       다방 인스타그램                                         다방 페이스북
2023 서울월세지원 1차 지원기간공고에는 10개월분이라고 되어있는데 늘어났는지 궁금합니다!	차는   개월분이었고   월부터 신청받는  차는   개월까지 지원하는것으로 늘어난것 같습니다
지금 월세 60만원 내고있는데 월세지원사업이 있다는데 언제부터 신청가능한가요..?	서울도     년 청년월세지원사업 신청기간은  월부터 시작됩니다  청년월세 한시특별지원 신청대상은 아래와 같습니다  대상 내용  저소득  독립 청년      세 약     만명 에게 최대   만원씩   개월동안 지원  청년가구 중위소득     이하   원가구 중위소득      이하  사업기간         년 한시사업 신청                년    지급      년    년 약  년    총사업비  총      억원 국비      억원  지방비      억원       신청대상 연령  만   세 만   세가 되는 해의  월  일부터   월   일까지 신청 가능  예  생년월일이          인 청년은          에 만   세가 되나 만   세인      월에도 청년월세지원 신청 가능    지원 월세보증금  천만원 이하 및 월세   만원 이하인 주택 에 거주하는 경우 지원받을 수 있습니다   다만  월세가   만원이 초과되더라도 보증금의 월세환산액 환산율      과 월세액의 합계액이   만원 이하인 경우는 지원 가능  예  보증금    만원  월세   만원인 주택에 거주하는 경우  보증금의 월세환산액 약 만원  백만원        월 과 월세액의 합계가 약  만원이므로 지원 가능      청년월세지원 자세한 안내는 하단 링크를 참고하세요 국토교통부 기반된 자료라 가장 정확합니다   첨부자료                청년 월세 지원       청년 월세지원금 신청방법  서류  신청일      청년 월세 지원 청년 월세 지원사업       년부터 소득이 낮은 청년들에게 월세를 지원하는 청년 월세 지원 사업이 시행될 전망입니다  기획재정부 주재로 열린 제 차 재정사업평가위원회에서 조사가 완료된
서울 거주 월세집 이사하려고 가계약 하고 왔는데 5000/95 이구요15세대있는 상가주택인데 이번에 신축해서 첫 입주에요근저당이 전 세대 해서 48억 잡혀있는데21년2월에 근저당 설정되어있어서 최우선변제받는다고 해도 3700만원 인것같은데이게 많이 위험한건물인지 여쭤봅니다신축이고 지금 2세대 빼고 다 입주했다고 하고 전세도 있다고해서 괜찮겠지 싶었는데 좀 불안하네요 도와주세요경매로 넘어갈 확률도 높은가요?	모든 집은 경매로 넘어갈 수 있습니다 그럼 지금부터 경매로 넘어가도 보증금을 지킬 수 있는 방법을 알려드리겠습니다    전입신고  확정일자 받아서 대항력을 유지하세요   월세도 보증보험에 가입이 가능 합니다  보증금      만원 이라면 아주 저렴한 금액으로 가입 가능 합니다  보증보험에 가입 한다면 경매에 넘어가도 보증보험 공단에서 보증금을 받기 때문에 임대인의 채무관계와는 무관합니다
요즘 서울 월세가 비싸다고 하는데월 30만원 이하로도 월세방을 구할 수 있는 곳이 있을까요?보증금은 어느정도가 될까요??	이요
제가 헤어디자이너라 개인사업자로 되는데 서울월세지원금 신청 가능한가요 ㅠㅠ ?자격조건에는 따로 적혀있는걸 못봤는데 근로자만 된다는 사람들도 있어서용 ...만약 신청이 안된다면 다른 받을수있는 지원금이 있을까요 ㅠ ㅠ ?	서울시 청년 월세 지원사업 하반기 지원내용은 월   만원씩 최대   개월 동안총    만원 생애  회 의 월세를 지원합니다 지원대상  서울시에 거주하는 만   세   세 이하 청년  인가구  가구당 기준 중위소득      이하 가구  신청기간               화    시          목    시까지 신청방법은 서울주거포털에서 가능하며관련 내용은 하단 링크를 참고하세요                    서울시 청년월세지원  신청방법  신청기간  서류      서울 청년월세지원사업 서울시 청년 월세 지원   서울시가 서울에 거주중인 청년들의 주거비 부담 월세부담을 줄이고자 주거수준 향상을 위해       서울시  차 청년월세지원사업 을 모집합니다  서울시 청
안녕하세요10월말~ 11월초에 서울 강북쪽에월세로 이사를 가고자합니다서울은 첨이라 올 초부터 계속 이사갈 곳을 검색하고 있었는데요날이 갈수록 오르는 보증금과 월세가격에차라리 가격 많이 오르기전에 이사를몇달 당겨서라도 해야했나싶더라구요월세대란으로 월세값이 천정부지로더 오를더란 말이 있던데 지금이라도 이사날짜를 당겨서라도먼저 계약을 하는게 나을까요?아님 이사시기에 맞춰 알아보는게 나을까요?의견들 좀 주시면 감사하겠습니다^^	굳이 몇달 먼저 이사한다고 해도 크게 차이는 없습니다  어차피 지금 대부분의 월세매물이 많이 있기 때문에 조급하게 할 필요가 없다고 생각 됩니다
서울월세지원을 신청했고 오늘 결과가 나왔는데 '계약서 날인 없음' 으로 불합격이 됐습니다다시 이의신청하려는데 계약서에 날인 받은 서류를 다시 올리면 되나요?아니면 소명자료에는 건물주의 등기부등본을 제출하라는데 등기부등본을 제출해야하나요? 담당 센터도 전화를 안받네요..	서울월세지원 이의신청비공개채택률   마감률   서울월세지원을 신청했고 오늘 결과가 나왔는데  계약서 날인 없음  으로 불합격이 됐습니다다시 이의신청하려는데 계약서에 날인 받은 서류를 다시 올리면 되나요  아니면 소명자료에는 건물주의 등기부등본을 제출하라는데 등기부등본을 제출해야하나요    담당 센터도 전화를 안받네요          질문답변  등기부등본 제출 입니다    근거자료 링크 출처표기                     년 서울시 청년월세지원 사업  신청방법  서류  심사기간      서울시 청년월세지원 청년들의 주거 안정을 위한      서울 청년월세   만원 지원금   서울시 청년월세지원 사업은 청년들이  주거 고민 없이 즐거운 미래 를 꿈꿀 수 있도록  청년월세 를 지원하는 사업 입
서울에서 거주하는 외국인입니다.요즘에 들어 서울 원룸 구하기가 힘들고월세가 힘들다고 들었는데 이게 사실인가요?	지역에 따라 다르죠   어느 지역은 원룸구하기가 어려울수 있지만 또 다른 지역은 구하기 쉽습니다  그리고 보증금과 월세 규모에 따라서도 다르죠 암튼 전세가 귀하긴 해도 통상 원룸 월세는 많이 널려 있어요                                                   해드리오 포렌식탐정    네이버 카페 무엇이든 알려드리고  찾아주고  도움주는 법률정보 공유카페 입니다  혼자 고민하지 마세요
안녕하세요사회초년생 서울 월세랑 보증금 어느정도 잡아야 적당할까요? 사람 살만한 집은 얼마 정도일까요?? 월급은 최저기준입니당	직장에서 너무 멀면 안되니 지역을 어느 정도 정하고 그 중 적절한 가격대의 매물을 찾아보세요 부동산 앱에서 매물 시세를 대충 파악한 후 부동산에 전화를 해서 알아보는 게 좋습니다 부동산 앱에 나온 매물과 부동산이 직접 알려주는 매물이 다른 경우가 많으니까요
서울 월세 지원 신청 자격 요건은 모두 충족하는데 제출 서류에서 임대차 계약서가 필요하던데 2년전에 1년 짜리 계약서를 쓰고 이후에 계약서를 새로 쓰지않고 연장해서 거주중입니다이런 경우에는 임대차 계약서를 샤로 작성하여서 제출을 해야하나요? 아니면 기존에 작성한 계약서를 제출해도 되는건가요?	계약서를 보면현재 임차해서 거주하고 있는지 확인이 되는지 함 보세요 아니면여기 문의 주택정책과 연락처
서울월세지원금서류통과2구간으로오늘연락을받았습니다.월세서류심사중 제가다른월세집으로 이사를했어요.추첨을통해8월말에확정된다고하는데 그렇게되면 이사한곳계약서를 8월말확정후에 제출을해야하는지?아님 현재제출을해야하는지 궁금해요	서울월세지원금문의        채택률   마감률   서울월세지원금서류통과 구간으로오늘연락을받았습니다 월세서류심사중 제가다른월세집으로 이사를했어요 추첨을통해 월말에확정된다고하는데 그렇게되면 이사한곳계약서를  월말확정후에 제출을해야하는지 아님 현재제출을해야하는지 궁금해요     질문답변  최종 확정시 정정요청 제출 하셔야 합니다    근거자료 링크 출처표기                     년 서울시 청년월세지원 사업  신청방법  서류  심사기간      서울시 청년월세지원 청년들의 주거 안정을 위한      서울 청년월세   만원 지원금   서울시 청년월세지원 사업은 청년들이  주거 고민 없이 즐거운 미래 를 꿈꿀 수 있도록  청년월세 를 지원하는 사업 입
서울 월세가 지방 광역시랑 차이가 많이 나나요? 지방에서 30만원 월세집 살려면 서울은 어느정도 줘야 살 수 있나요?	서울도 입지에 따라 다릅니다  일단   이상입니다
21살이고 부동산 그런걸 잘 몰라서요 ㅠㅠ 집 값중에 특히 서울은 계속 올라간다는데 월세도 쭉 올라가나요? 12월부터 종로나 종로 주변에서 월세로 자취 할려고하는데 지금보다 올라가있을까요??	계속 상승추세 입니다 이번에 집값이 주춤했었는데 대선 이후 집값이 다시 오르고 있습니다 집값이 오르면 월세도 오를 수 밖에 없습니다   월 정도 월세로 자취 예정이라고 하셨는데원룸이다보니 올라도 오름폭이 크지 않을겁니다 올라도 지금이랑  만원 가량 차이가 아닐까 예상합니다
제목 그대로 서울 월세 지원 이체 확인증 제출할 때 암호 걸려있는 거요... 그거 그대로 넣었는데 꼭 암호를 풀어서 넣었어야 하나요? 올릴 땐 별 생각없이 올렸는데 막상 지나고 나니까 암호 때문에 못 받나 싶어서요...	제목 그대로 서울 월세 지원 이체 확인증 제출할 때 암호 걸려있는 거요    그거 그대로 넣었는데 꼭 암호를 풀어서 넣었어야 하나요  올릴 땐 별 생각없이 올렸는데 막상 지나고 나니까 암호 때문에 못 받나 싶어서요         정당하게 제출이나 첨부가 되었다면 문제는 없겠지요
"아직 사회 초년생이라 미숙하여 지식In에 글을 올립니다. 1. 서울(신림)에 방을 보러 가는 중 중개사 분이 이런 말을 하시더라고요.   > ""임대인 모두 보름 안에 입주하는 것을 희망한다. 몇 달 전에 미리 방을 구하는 것은 어렵다.""     라고 말을 하십니다. 이 부분은 지극히 정상인 부분이죠?2. 만약 위와 같은 부분이 사실이라면. 현재 살고 있는 집(계약은 이미 만료, 퇴실 의사 전달)에 묶여있는 보증금이 이사 갈 집 보증금 납입에 꼭 필요할때. 어떻게 해야하나요?    > 맘에 드는 집에 얼른 이사하고 싶은데. 빨리 입주해야 하고... 전에 살던 집에 보증금은 언제 들어올지 모르고.. 입대인분한테 말하면 보증금은 퇴실 날짜 전에 미리 받을 수 있는지... 3. 월세 선납일 경우 미리 퇴실하면 나머지 차액을 돌려받을 수 있나요? (ex. 2월 30일 월세 입금 -> 3월 5짐을 아예 다 뺌 )4. 번외로 현재 부동산 가격이 요동치고 있는데. 지금 전셋집을 구하는 것은 Risk가 큰 부분인가요?답변 부탁드립니다."	서울 신림 에 방을 보러 가는 중 중개사 분이 이런 말을 하시더라고요       임대인 모두 보름 안에 입주하는 것을 희망한다  몇 달 전에 미리 방을 구하는 것은 어렵다       라고 말을 하십니다  이 부분은 지극히 정상인 부분이죠  답변  문제는 없지만  보름만에 입주하는 것은 별로 정상적이지는 않습니다 너무 빠릅니다     만약 위와 같은 부분이 사실이라면  현재 살고 있는 집 계약은 이미 만료  퇴실 의사 전달 에 묶여있는 보증금이 이사 갈 집 보증금 납입에 꼭 필요할때  어떻게 해야하나요       맘에 드는 집에 얼른 이사하고 싶은데  빨리 입주해야 하고    전에 살던 집에 보증금은 언제 들어올지 모르고   입대인분한테 말하면 보증금은 퇴실 날짜 전에 미리 받을 수 있는지     답변  임대인에게 보름만에 보증금을 달라고 하면 허락하기 어렵습니다   새로운 임차인이 들어와야만 줄 수 있을 것입니다      월세 선납일 경우 미리 퇴실하면 나머지 차액을 돌려받을 수 있나요        월   일 월세 입금     월  짐을 아예 다 뺌   답변  새로운 임차인이 중간에 구해지면 선납한 월세  차액은 돌려 받을 수 있습니다      번외로 현재 부동산 가격이 요동치고 있는데  지금 전셋집을 구하는 것은     가 큰 부분인가요  답변  지금 구하는 것은 문제는 없습니다 오히려 더 오를 수도 있습니다
서울 월세 지원 6월달에 했는데, 엊그제인가 문자와서 마이페이지 확인하라해서 확인해봤는데 그냥 마이페이지기서 청년월세지원 을 눌러봐야되는거죠? 딱히 뭐가 안나와서요. 그냥 신청완료만 떠서요.떨어졌는지 붙었는지는 어디서 확인하는거죠..?	말씀하신데로 마이페이지에서 서울월세지원 클릭해보시면 탈락여부 또는 서류 다시제출등 메세지 뜨는걸로 알고 있습니다 최종 발표는   일로 본것같네용
안녕하세요 서울산지 2달 쯤 되어가는 23살 학생입니다.다름이 아니라 8월에 시작하는 서울월세지원 이벤트에 신청하려고 하는데요,아래 사진에 보면 청년가구 원가구 이렇게 되어있는데,전 주소지가 가족들과 다르게 혼자 서울로 되어있습니다.(자취 하고있습니다.)그러면 청년가구 소득기준만 맞추면 되는건가요?아니면 원가구 소득기준도 저 기준에 부합해야 서울월세지원을 받을수있는건가요?내공 100 드리겠습니다! 답변 부탁드립니다!	기준에맞아야 합니다      년 청년월세지원사업 신청기간은  월부터 시작됩니다  청년월세 한시특별지원 신청대상은 아래와 같습니다  대상 내용  저소득  독립 청년      세 약     만명 에게 최대   만원씩   개월동안 지원  청년가구 중위소득     이하   원가구 중위소득      이하  사업기간         년 한시사업 신청                년    지급      년    년 약  년    총사업비  총      억원 국비      억원  지방비      억원       신청대상 연령  만   세 만   세가 되는 해의  월  일부터   월   일까지 신청 가능  예  생년월일이          인 청년은          에 만   세가 되나 만   세인      월에도 청년월세지원 신청 가능    지원 월세보증금  천만원 이하 및 월세   만원 이하인 주택 에 거주하는 경우 지원받을 수 있습니다   다만  월세가   만원이 초과되더라도 보증금의 월세환산액 환산율      과 월세액의 합계액이   만원 이하인 경우는 지원 가능  예  보증금    만원  월세   만원인 주택에 거주하는 경우  보증금의 월세환산액 약 만원  백만원        월 과 월세액의 합계가 약  만원이므로 지원 가능      청년월세지원 자세한 안내는 하단 링크를 참고하세요 국토교통부 기반된 자료라 가장 정확합니다   첨부자료                청년 월세 지원       청년 월세지원금 신청방법  서류  신청일      청년 월세 지원 청년 월세 지원사업       년부터 소득이 낮은 청년들에게 월세를 지원하는 청년 월세 지원 사업이 시행될 전망입니다  기획재정부 주재로 열린 제 차 재정사업평가위원회에서 조사가 완료된
제가 서울 월세 지원금을 받고 있는데 월 40만원 세대주에게 월세를 입금한 내역을 청구 해야합니다.근데 집 에어컨이 노후로 인해 고장이났는데 집주인이 우선 수리비를 제가 먼저 결제 하고 월세에서 수리비 제외하고 보내달라고 하셨습니다그럼 담달에 수리비 제외하고 월세입금을 하게 되면 40만원 아닌 대략 30만원 월세를 입금을 하는데 입금확인서에 40만원이아닌 30만원으로 찍혀있게 됩니다.월세 입금 금액이 다른데 지원 받는데 문제가 되지 않나요?*보니까 청구하는 곳에 특이사항 항목이 있는데 수리비 얼마 나왔고 월세에서 제외라고 작성하고 월세 입금확인서 청구하면 지원 받는데 아무런 문제 없나요.?	네 그렇습니다  질문자님께서 월세에서 에어콘 수리비용을 공제한 후 나머지 잔액을 입금하였다하여도 월세를 지원받는데 문제가 되지 않습니다
서월월세지원을 신청했는데요 그게 결과가 나오기전에 신청한 상태에서다른곳(월세지원조건 충족인 원룸 )으로 이사를 가게 되면 어떡하나요?중간에 수정을 할 수있나요?	서울월세지원 이사비공개채택률   마감률   서월월세지원을 신청했는데요 그게 결과가 나오기전에 신청한 상태에서다른곳 월세지원조건 충족인 원룸  으로 이사를 가게 되면 어떡하나요 중간에 수정을 할 수있나요      질문답변  이사가면 이사간 계약서 전입신고 후 수정신고 요청 하시면 됩니다     으로 문의바랍니다    근거자료 링크 출처표기                     년 서울시 청년월세지원 사업  신청방법  서류  심사기간      서울시 청년월세지원 청년들의 주거 안정을 위한      서울 청년월세   만원 지원금   서울시 청년월세지원 사업은 청년들이  주거 고민 없이 즐거운 미래 를 꿈꿀 수 있도록  청년월세 를 지원하는 사업 입
서울 월세지원 신청하려 하는데  중개대상물 확인 설명서를 보니 비거주용 건축물, 실제 용도 근생(사무소)라고 되어있는데 해당이 안될까요??	서울 월세지원 신청하려 하는데 비거주용 건축물은 해당이 안되나요  내공   비공개채택률   마감률    서울 월세지원 신청하려 하는데  중개대상물 확인 설명서를 보니 비거주용 건축물  실제 용도 근생 사무소 라고 되어있는데 해당이 안될까요      질문답변  근생도 주거용으로 확정일자 받아 전입신고 하면 가능합니다    출처 링크 안내문자료                     년 서울시 청년월세지원 사업  신청방법  서류  심사기간      서울시 청년월세지원 청년들의 주거 안정을 위한      서울 청년월세   만원 지원금   서울시 청년월세지원 사업은 청년들이  주거 고민 없이 즐거운 미래 를 꿈꿀 수 있도록  청년월세 를 지원하는 사업 입
서울에서는 월세 어떻게 구하나요..? 너무 답닺헤여ㅜㅜ괜찮안 집있으면 죄다 건물이나 집주인이 융자니 신탁이니 문제가 있고 집이 없어요 문제가 없는 집이..ㅠㅠㅠ	부동산 최대한 많이 돌아다니시면서 발품파는게 정답이기는 하죠ㅠㅠ요새 워낙에 전세사기도 심하고 하니 유튜브등에서 전월세 피해안보는법검색하셔서 많이 참고하시고 방구하시길 바랍니다
안녕하세요.제가 이제 군대대신 산업체하면서 2년 근무할계획입니다.저는 광주광역시에 조금 오래되고 안좋은 월룸에 살고있습니다.좀더 괜찮은 집을위해 저축을 조금씩하고있습니다. 광주는 보증금 300에 월세35정도면 괜찮은 원룸정도에 살수있더군요. 경기도는 최소 보증금 500에 월세50에 관리비7-8만원은내야지 좁지만 괜찮은 원룸이 나오고요.그런데 이제 사귄지 5년 다되가는 여자친구가 경기도부천에 취업을해서 올라갔습니다. 저도 따라 올라가고싶은 마음은 굴뚝같지만 경기도 월세 보증금이 장난이아니더군요.기본적으로 월세랑 관리비하면 60~70은 나갈것같더라구요. 전기 가스 휴대폰 만해도 100만원은 그냥나가고 제가 대출이 있어서 월35만원씩 나갑니다. 그래서 경기도에서 사는걸 계산해보니 135만원은 숨만쉬어도 나가더라고여..그런데 광주살면월세 35~40 대출35 전기 가스 휴대폰 하면 90정도 나가더라구여솔직히 여자친구가 보고싶고 자주만나고 싶어서 경기도에서 산업체근무를 할려고 계획중입니다. 그런데 경기도에살면 돈한푼도 못모을것같습니다.. 그래서 고민이됩니다.. 저어떻게해야할까요..?	저라면은 살고계신곳 그대로 살거 같아요 정말 서울 경기도  집값 비싸서   돈 못모아요 장거리 연애하면서 돈을 모으는게 좋을거 같아요만약 여자친구 근처로 가서 살고 산업체를 하면 데이트 하느라 월세내느라 돈 많이 나갈꺼잖아요 그러다가 헤어지기라도 하면   낭패가 될거 같아요
서울에 월세 사는 대학생입니다.1. 서울시에서 지원하는 청년 월세 지원 제도와 정부에서 지원하는 창년 월세 지원 제도가 별도로 운영중인지요. 별도 운여중이라면 중복 지원이 가능한지 여부2. 서울 지원 청년 월세의 경우 보증금 5000만원 & 월세 60만원 기준인데....보증금 1000만원 & 월세 70만원은 해당이 안되는 건지요3. 서울 지원 청년 월세의 경우 어디에 어떻게 요청하는지요.	서울시에서 지원하는 청년 월세 지원 제도와 정부에서 지원하는 창년 월세 지원 제도가 별도로 운영중인지요  별도 운여중이라면 중복 지원이 가능한지 여부    서울 지원 청년 월세의 경우 보증금     만원   월세   만원 기준인데    보증금     만원   월세   만원은 해당이 안되는 건지요    서울 지원 청년 월세의 경우 어디에 어떻게 요청하는지요     질문답변     중복 안됩니다        년 청년월세지원사업 신청기간은  월부터 시작됩니다  청년월세 한시특별지원 신청대상은 아래와 같습니다  대상 내용  저소득  독립 청년      세 약     만명 에게 최대   만원씩   개월동안 지원  청년가구 중위소득     이하   원가구 중위소득      이하  사업기간         년 한시사업 신청                년    지급      년    년 약  년    총사업비  총      억원 국비      억원  지방비      억원       신청대상 연령  만   세 만   세가 되는 해의  월  일부터   월   일까지 신청 가능  예  생년월일이          인 청년은          에 만   세가 되나 만   세인      월에도 청년월세지원 신청 가능    지원 월세보증금  천만원 이하 및 월세   만원 이하인 주택 에 거주하는 경우 지원받을 수 있습니다   다만  월세가   만원이 초과되더라도 보증금의 월세환산액 환산율      과 월세액의 합계액이   만원 이하인 경우는 지원 가능  예  보증금    만원  월세   만원인 주택에 거주하는 경우  보증금의 월세환산액 약 만원  백만원        월 과 월세액의 합계가 약  만원이므로 지원 가능      청년월세지원 자세한 안내는 하단 링크를 참고하세요 국토교통부 기반된 자료라 가장 정확합니다   첨부자료                청년 월세 지원       청년 월세지원금 신청방법  서류  신청일      청년 월세 지원 청년 월세 지원사업       년부터 소득이 낮은 청년들에게 월세를 지원하는 청년 월세 지원 사업이 시행될 전망입니다  기획재정부 주재로 열린 제 차 재정사업평가위원회에서 조사가 완료된
안녕하세요 서울에서 자취 할라는 사람입니다. 서울에서 살다가 지방으로 내려왔습니다옛날이랑 지금이랑 가격이 똑같나 궁금해서 올립니다서울 보증금이랑 월세가 어느정도 하는지 궁금합니다 연락주세요	너무 포괄적임 지역  신축인지 구옥인지  오피스텔인지  원룸인지  아파트 인지   너무 포괄적임
올해 5월달에 서울청년월세를 접수하였고 선정되어 계좌 계설 및 약정 체결까지 다 하였습니다. 그러나 돈이 들어오지 않아 1달간 기다렸었고, 오늘 서울시 사이트에서 확인하니 데이터 자체가 사라져있네요...1. 이미 신청하였기에 다음에 다시 신청할 수 없나요?2. 위와 같은 사항이 발생한 이유가 무엇인가요?(신한은행 sol계좌와 필수 요소들을 다 진행하였습니다.)	이미 신청하였기에 다음에 다시 신청할 수 없나요      이미 그 때가 오래 되었으므로 사업을 종료 했을 수도 있겠지요 정확한 것은 서울시에 문의를 해 봐야겠지요     위와 같은 사항이 발생한 이유가 무엇인가요  신한은행    계좌와 필수 요소들을 다 진행하였습니다       무언가 결격사유가 발생하여 제외가 되었을 수도 있고  보완을 해 달라고 했지만 님이 대응하지 못해서 끝났을 수도 있으므로 이제는 전화로 체크를 해 보는 일 밖에 없겟지요
이제 막 취업을 한 20대입니다. 전세를 살려면 부모님 돈으로 보증금을 내서 살아야 합니다. 그런데 정말 부모님 간섭을 받는게 너무 짜증나고 싫어요. 엄마는 지방에서 거의 매주 서울 자취방에 올라오시고, 하다못해 제 코트 단추도 제 손으로 잠글 수가 없어요. 어머니가 다 해주셔서요. (어머니가 심심해서 그렇게 다 해주고 간섭을 하시는데 전 정말 짜증나서 돌아버릴 거 같아요) 저는 27살인데 제가 할 수 있는 게 없는 병신이 된 기분이 들어요.엄마가 고집이 세고 제가 아무리 울고불고 화를내고 지랄을 해도 남의 말 듣는 성격이 아니세욬ㅋㅋ 그냥 쟤가 기분이 안 좋은가봐~ 우리 애가 원래 예민해~~하는 식..ㅋㅋㅋ 본인이 이상한걸 절대 인정 안하세요.언니는 엄마랑 똑같이 이상해요. 얘도 사람 말을 안 들어처먹어요.제가 25살에 너무 우울해서 병원에서 입원하라고 할 정도로 우울증이 심하고 자살 우려가 있었어요.(일부분 엄마 때문에 ㅋㅋㅋ제가 정말 여러가지 일들로 힘들어하는데 지나가는 말로 '그러게 태어나지도 말았어야 하는 애가 왜 태어나서 그 고생이니'라는 그 말 한마디에 다 포기하고 무너져내렸습니다.그때 자기혐오가 심해서 하루종일 저를 죽이고 싶다는 생각뿐이었거든요. 엄마는 이거 자기는 진심이 아니었다고, 너가 고생하는게 안타까워 하는 말이라고 억울하대요.ㅋㅋㅋ 진짜 정신병자에요.)  언니는 당시 제가 정말 정신과의사쌤 말고 유일하게 심한 우울증을 털어놓은 사람이에요ㅋㅋㅋ 그런데 자꾸 '내가 너 얼굴이었으면 자살했다'라거나 '너 팔의 셀룰라이트 진짜 역겨워ㅋㅋㅋ' 같은 말을 정말 매일 했어요. 제가 화를 내면 장난 좀 친걸로 왜그러냐는 식..ㅋㅋㅋㅋ 여기도 도무지 대화가 안 통해요. 언니가 머리가 좀 나빠서 대화가 힘들어요.(이건 부모님도 인정하시는 거에요)2년째 언니랑은 말을 섞지 않고 무시해버렸어요. 제가 먼저 투명인간 취급을 해버렸어요.그것에 후회는 없고 저 자신을 지키려면 이렇게 해야 했고, 이게 옳아요그런데 제가 취업을 하자 이제 아빠가 난리세요. 언니랑 2년 넘게 말 안하고 잘 살았는데 어제는 급발진해서 막 화를 내시는거에요. 화해하라고. 원수도 용서를 하는데 왜 형제끼리 그러고 사냐고요.저라고 하나뿐인 형제를 한집에서 투명인간 취급하고 사는게 맘 편한게 아닌데, 저를 지키기 위해서는 정말 최선이라고 생각해요. 저는 25년간 말이 전혀 안 통하는 짐승만도 못한 언니새끼를 상대해줬어요(괴롭힘을 당해줬어요). 제가 아니라 어느 누구던 언니처럼 인간도 아닌 애랑은 손절했을 거라고 생각해요.아빠가 급발진해서 화내는 거 뭐 예전부터 일상이었고 저도 이제 다 커서 무섭지도 않아요. 걍 아빠 앞에서만 사이좋게 지내는 척 해드릴 순 있어요.그런데 갑자기 이제 취업도 했고, 차라리 서울에서 비싼 월세 다달이 50이상씩 내고 사는게 낫겠다는 생각이 들어요. 부모님이 해주시는 전세방 포기하구요. 그럼 진짜 엄마의 거지같은 간섭도, 아빠가 강요하는 언니와의 식사자리도 무시하고 살 수 있을테니까요. 근데 이렇게 가족들 다 등지고 사는게 맞는 일일까요? 쥐꼬리만한 월급에서 다달이 월세를 제하는게 너무 아까워서 고민입니다. 더럽고 치사해도 부모님 간섭 다 받아들이고 편안히 전세 보증금을 지원 받는게 현실적으로 맞는데 그냥 울화가 치미네요병원을 가본다고 도움이 될지도 모르겠구요	월세 피빨리지 마라   통촉하거라    연봉     만원 이상이면 이론상으로는         신용대출            전세대출     내돈 한푼 없이  억 전세  가능한 연봉입니다  연봉     만원 이상이면 이론상으로는         신용대출          억 전세대출     내돈 한푼 없이    억 전세  가능한 연봉입니다  연봉     만원 이상이면 이론상으로는         신용대출          억 전세대출     내돈 한푼 없이  억 전세  가능한 연봉입니다  연봉     만원 이상이면 이론상으로는         신용대출          억 전세대출     내돈 한푼 없이    억 전세  가능한 연봉입니다    재직이 짧으면 평균 세전월급     개월  첫월급만 있으면 첫 세전월급     개월     일 이상 근무     첫월급     개월      조건으로 전세대출 나와요  국가 규정입니다   재직증명서   급여통장   급여명세서 지참  따라서   일차   일차 사이에 첫월급     개월로 신청 가능                          연봉      만원 연봉        대출         전세대출 한도            원연봉        대출         전세대출 한도            원연봉        대출         전세대출 한도            원연봉        대출         전세대출 한도            원연봉        대출         전세대출 한도            원 연봉        대출         전세대출 한도            원연봉        대출         전세대출 한도            원연봉        대출         전세대출 한도            원연봉        대출         전세대출 한도            원연봉        대출         전세대출 한도            원  연봉      만원 연봉        대출         전세대출 한도            원연봉        대출         전세대출 한도            원연봉        대출         전세대출 한도            원연봉        대출         전세대출 한도            원연봉        대출         전세대출 한도            원                                          우리은행  국민은행  기업은행  농협은행  신한은행 계약금 반환 특약 계약    은행가서 한도확인    이후에 본계약     집 구경   특약 계약   전세대출 한도 확인  은행 또는 기금  든든 사이트    계약      대출   잔금   이사 들어가기 물리적으로 국토부 무주택 조회    일   재직확인  리파인 등등 다해도   일 안걸림  대출 실행할 수 있습니다  시간 충분해요    진짜 급하면   일 전에 나올 수도 있음    은행원 재량임    그런데 대충 여유잡고 보통    주 말하는거 끝   전세대출 한도 승인 전 계약부터 할 경우    특약 방법 집 놓칠까봐 정 급하면 전세대출 불가 시 계약금 반환  특약 거시구요 그런데      집 융자 많아서 전세대출 거절도 있지만  본인 신용등급 문제로 거절나는 경우도 있어요     계약금 잘못하면 날립니다  조심하세요        잘 안해주는 실제 이유는       년 내에 목적물 변경 불가   상대적으로 높은 보증료   만기 시에 연장 및 목적물변경 가능하지만 모든게 하루안에 이루어져야하는 점에서 실무적으로 어려움이 있다   전세대출 순서 압축   집 구경   특약    은행가서 한도    본 계약    이사   전세대출   내돈 이체 끝 은행 ㄱㄱㄱㄱ          계악금 내기    은행      대출    집주인     이체       내돈 귀찮으면    만 대출해주는 은행원도 있음          계약금 내기    은행     대출    집주인     이체   내돈     집주인 이체                                          억 전세  월이자   만원  꿈같은 복지대출 중소기업청년전세대출                          억 전세  월이자   만원  버팀목전세대출   무조건 받아 놓고 봐야 하는 이유                         중소기업전세대출 방법 대한민국 최초 글교주의 바이블        월세 노예 해방을 선언하노라                           중소기업전세대출퇴사하면  이직하면  결혼하면  이사가면  연봉한도 걸리면  신용등급 낮으면 등등                                 년 중소기업 버팀목 신혼부부 전세대출 연봉별 최대 한도                         월세 노예        국가 대한민국의 현실 폭로                                               대그룹 대기업 근무   대은행 시중은행 근무  국토해양부  국토연구원 파견 근무  대한민국 전세대출 영끌 창시자  전세대출 교주
서울에서 자취를 하려는 23살 대학생입니다. 월세나 전세로 방을 잡으려고 여러모로 알아보는 중인데어디서 주워듣기를 월세 계약을 할 때 보증금을 안 주는 대신 월세를 일괄납부하는 경우도 있다고 들었는데이거 통용되는 것이 맞나요?또한 방 구할 때 주의할 점 있으면 덧붙여주시면 감사하겠습니다.. !	보증금을 안 주는 대신 월세를 일괄납부하는 경우도 있다고 들었는데이거 통용되는 것이 맞나요     이와 같은 경우를 사글세라고 합니다 임차인이  년 또는   개월 등 일정기간동안의 월세를 일시불로 지급하고  달치 월세를 감액 받거나 월세를 감면 받을 수 있는 경우를 말합니다 흔하지는 않지만 간혹 있을 수 있습니다 집 계약시 주의할 점은 등기부를 열람하여 권리관계를 잘 확인하시고 등기부상 소유자와 실 소유자 일치 여부 확인 및 등기부상 소유자의 명의로 입금하시기 바라며 입주 전에 집 상태 등을 잘 살피셔서 하자 여부 확인 후 하자가 있을 경우 미리 집주인에게 수리 등을 요구 하시고 사진 등을 남기시는 것이 필요할 것입니다 모쪼록 안전하게 잘 진행 하시길 바라겠습니다
최근에 본 건데 서울에서 월세지원을 신청 할 수 있는데 시간이 얼마 없어서 질문해요ㅠㅠ1 임대차 계획서가 뭔가요? 무주택이어야 한다던데 제출서류에 있었어요2 제가 공공주택도 신청하려고 하는데 제외대상에 포함되서요. 그럼 하나만 신청해야 하나요? 아니면 일단 해놓고 당첨이 되면 하나를 포기하면 되나요?	임대차계약서이고무주택자는 본인이임대주택에 전입이되어있어야 한다는것입니다    하나만신청하면 됩니다
서울에 집이 200에월세18 에 이런집이 가능한가여..? 아니면 허위로 올린건가여 ?	실제로 직접가보고 확인해봐야합니다 허위매물도있지만 실제로있는경우도 있습니다
다음번에도 3개월치인가요?	안녕하세요  서울생활 행복도우미    다산콜센터 지식파트너입니다         년 서울 청년월세지원 안내        월   월   월 신청은   월중순   월쯤 제출 이체내역  예정으로   월말 주거포털 공지사항에 등록예정     으로 확인됩니다             이후   월  월  월  월  월세청구는 격월  달    만원씩  청구하여 지급됩니다        격월로 서울주거포털 마이페이지에서 월세지원금을 청구하면 신청인 계좌에 입금되며 첫번째 청구시   월 예     정 에는  개월간  월 이후  신청인이 납부한 월세 계좌이체증을 첨부하여야 하며  이후 청구시에는 주소변경이     없을 경우 첨부물 없이 청구만 하면지급됩니다       주소변경 시에는 변경 신청을 해야 함       특별한 사정 현금납부  보증금에서 월세차감 등 이 있는 경우 참고서식 월차임납부확인서 은 서울주거포털      청년월세지원 자료실에서 다운로드 가능    상기 자료는 서울시 기준으로 안내되는 내용으로  답변 드리는 시점에서 유효함을 안내드립니다   법령 개정 및 정책 변경에 따라 변경될 수 있습니다   더 궁금하신 사항은 다산콜센터 트위터                                     카카오톡에서  서울톡                                을 친구추가하시면 편리하게 이용하실 수 있습니다   생활속의 불편한 불법주정차  청소 등 민원은 서울스마트불편신고 앱                                    을 통해서도 접수 가능합니다 드린 답변이 궁금증 해소에 도움이 되셨기를 바라며  행복한 하루 보내시기 바랍니다
부동산 어플로 월세 투룸 알아보던중 알게되었는데요 제가 부린이라 잘 몰라서 질문드려요 제가 인천에 살고있어서 인천 주변 월세들을 보니 대부분 보증금 60~500 / 월세 30~50 사이로 투룸 매물이 어느정도 있더라구요 근데 서울 서구 화곡동 근처 월세 투룸 매물들이보증금은 2000~5000에 월세 30~50 선으로 서울인데도 불구하고 투룸월세 집세가 저렴하더라구요 집도 엄청 깨끗하고.. 사실 의심됩니다 왜 월세는 비슷한데  인천에는 보증금이 낮고 서울은 보증금이 높을까요??서울의 보증금높은 월세들 사기일까요?	물가도 서울이 비쌈 부동산 그리고 직장도 서울이 많음 그래서 비싼거임                               감사합니다궁금내용 언제든 전화주세요 김이사용달 견적무료
월세 싼 동네를 찾고있는데1000/30-35 관리비포함 가능한 동네를 찾고있습니다..자차로 다닐생각이라 역세권이 아니라도 좋습니다.동대문디지털프라자에서 15-20km 내외였으면 좋겠슴니다!1. 보증금 1000/30-35(관리비포함)2. 역세권아니라도 상관없음3. DDP와 자차거리 15-20km내외	와                         세   세 청년 백수 대학생 국가가     만원 전세금 퍼주고서울시 임차보증금 박원순이 돈 퍼주고 있는데 서울에서 월세가 왠말임  대박이네요    ㄷㄷㄷㄷ 하남   건대입구   분당   성남   당산   합정   관악   신림   봉천   마포   신촌 등등살 곳 널렸구요  월세 피빨리지 마세요  부탁드립니다 국가가 전세금 퍼주고 있습니다 국가전세금 이용하면 강남에 구할 수도 있습니다   반전세   요즘 세입자가 월세를 안내요 어쩌죠   국가에서   등급 저신용자도 복지로 전세금    억씩 막 퍼줘서요    세   세 청년 백수도     만원 미친 복지 표퓰리즘  월세 다 까고저 국가전세금 받아서 이사 나갈 모양인 것 같습니다                       내돈  억 정기예금 금리        국가  억 전세대출 금리        년에    만원 이득 끝 그럼 월세는 보증금 까고 버리고 나옴끝    위 내용    실화입니다   버팀목전세대출   무소득자 안해주는 은행원 한테 일침 놓은 글                         월세 노예        국가 대한민국의 현실 폭로                             년 중소기업 버팀목 신혼부부 전세대출 연봉별 최대 한도                                          년 중소기업 버팀목 신혼부부 전세대출 연봉별 최대 한도   바보아저씨의 경제이야기     바보아저씨  바보아저씨의 경제이야기       년 반드시 해야 할 일   주변에 월세 사는 가족 친구                        바보아저씨의 인생백과사전                    대한민국 월세        노예 독립 만세      대한민국 월세        노예 독립 만세      대한민국 월세        노예 독립 만세         전세대출 최초 전파  대 교주   바보아저씨 올림     대 은행 시중은행 근무   대 그룹 대기업 근무
서울월세싼곳 좀 알아 보고 있거든요.태어나서 줄곧 경기도 살다가 직장 때문에 서울에서 자취하려고 하는데요 서울 월세 왜 이렇게 비싼가요 ㅠ대학도 경기도에서 다녀서 이 정도는 아니었는데.처음에는 직장 가까운 곳으로 구하려다가 지금은서울월세싼곳 위주로 보고 있어요 ㅠ서울월세싼곳 순위가 어떻게 되는지 혹시 알 수 있을 까요 ?	요즘 서울월세싼곳 찾기 힘들죠 ㅠ그나마 신림동이나 관악구 쪽 같이 대학가 근처면 조금 나을는지   통계자료가 정확히 나온 게 없는 것 같아서 그나마 올해 나온 것 중에 가장 정확한 게 있어서 공유합니다                  참고 다방 월세 지도     년  월 기준  말씀 드린 관악구 쪽이랑 그리고 요즘 중앙대 쪽에 한창 개발되고 있는 동작구 흑석동  쪽이 대학가 때문인지 그래도 아직 까지는 서울월세싼곳 중에 베스트로 드는 것 같네요 그 다음에는 강북 쪽이 조금 저렴하고요  회사가 서울 어느 지역이신지 잘 모르겠지만 참고 하셔서 서울월세싼곳 구하실 때 도움되시길 바라요
안녕하세요, 서울청년월세지원 신청하려는데 최근 3개월 월세이체내역을 증빙해야한다고 합니다. 근데 제가 최근 7,8월은 기업은행에서냈고 6월은 신한은행에서 냈으면 둘다 증빙서류를 제출하면 되는건가요?	네  임대인에게만 입금한 계좌이체 내역 제출하시면 됩니다
오늘 월세 계약했는데 보증금 700만원 월세 40만원 입니다중개수수료가 46만원정도 나왔는데 30만원으로 깎아준다고 해서 바로 보냈는데 이정도 가격이 맞는가요?혹시 법적으로 문제가 있다면 돌려받을수 있나요?	주택이라면        원주거용 오피스텔이고   제곱미터 이하이고 부엌 등이 있다면     로   만원상가 등이라면     인        원 안에서 협의로 정합니다 어떤 경우에도   만원이 나오지는 않습니다 상가이면   만원 정도이면 맞습니다
미리 말씀드리지만 죄송하게도 지식인에선 연락안드립니다.직X 다X등 부동산 어플에는 어쩔 수 없이 허위매물을 올릴 수 밖에 없다고 들었습니다.진짜 서울에서 월세 괜찮고 치안 괜찮은 곳 찾고 싶습니다. 추천부탁드립니다.500/40~50 생각중입니다.	회현역과 명동역을 끼고 있는 회현동이나 남산동을 추천 합니다
서울청년월세지원 6,7,8월 지원금은 이미 받은 상태 이구요. 제가 11월 중순에 지방에 이사 갈 경우라도 9,10월치 월세 낸거는 지원금 받을 수 있는거 아닌가요??	네 월세를 지급하였던 자료 만 있다면 청구 가능합니다
타지에서 근무하다가 서울로 이직하게 되어서 방을 구하고있는데요.. 워낙 깡통전세, 전세사기 말이 많다보니 무섭기도 하고 최대한 공부를 하는데도 어려운게 많네요제가 관심있는 매물 올해 거래내역을 보니매매 (7월) 1억 2,000전세 (5월) 1억 3,000월세 (9월) 1억/15       (8월) 3000/42  이렇게 거래가 되었어요.근데 지금 부동산 매물에 월세 1억/15 이렇게 올라와있는데..(융자금도X, 주거용)매매,전세 보증금이랑 월세보증금이 거의 비슷한데 이것도 위험한 매물인가요...매매랑 전세가만 비교하면 깡통전세인건 알겠는데,, 월세일때도 위험한 매물이겠죠,,?	그냥 마음에 안내키시면 안하시는걸 추천드려요  괜히 찝찝한데 들어가면 살다가도 찝찝합니다
충무로역쪽으로 구하고 있는데 기초생활수급자여서 고등학생이기도 하고 동국대로 가고 싶어서 서울 싸게 구하는법이 있을까요ㅠㅠ 좀 답변 좀 해주세요	기숙사사 젤 저렴하다면 저렴하긴해요요즘 너무 방값이 올라서요
경기도에 행복주택이랑 동시에 신청했는데 둘 다 됐는데 행복주택에 월세지원사업 중복으로 되나요?	네 맞습니다  중복이에요  행복주택에 거주하는 사람은서울시 청년 월세지원사업에 참여할 수 없습니다  위의 내용을 포함하여아래의 글에 서울시 청년월세지원에 관한상세 공고내용이 정리되어 있으니 참고하세요                                            서울시 청년월세 지원 신청자격과 선정기준 지원금 정리 서울시 청년월세 지원 신청자격 선정기준 지원금 청년들의 자립과 생계를 위해서 서울시에서 주거비 지원사업을 실시합니다  이번 청년월세지원 사업은 기초생활보장제도의 주거급여와는 별개로 시행되는 사업이므
대만친구가 있는데 서울 고대역에서 작년 9월 1년 월세게약을 맺었습니다.하지만 코로나 사태로 이번달 8일에 귀국하였으며 남은 5개월분의 월세는 보증금에 차감하여 모두 납부하였습니다.현재 빈방입니다. 개인방 3개, 거실, 주방, 화장실 2개의 구조의 주택입니다.친구가 저에게 그 집에서 살고 싶으면 집주인한테 말하고 당분간 지내라고 했습니다.집주인에게 연락한 결과 그 방은 현재 부동산에 매물 등록하였으며 세입자가 들어오면 받은 월세는 그대로 원래 세입자 대만친구에게 돌려주겠다고 말했습니다.그리고 제가 그 방에서 지내는 건 어렵다면서 살지않았으면 좋겠다는 식으로 말했습니다.아직 대학가 방 구하기 성수기가 아니고 게다가 월세 140만원 방이라서 당분간 안 팔릴 것 같은데 월세도 모두 납부가 된 방에서 세입자 허락을 맞고 저와 같은 외부인이 잠시동안 거주해도 법적으로 크게 문제는 없는 건가요?집주인도 살면 안된다고는 안했고 그냥 빈방으로 두고 싶다는 식으로 돌려 말했습니다.부동산 전문가의 답장을 기다립니다.감사합니다.	이미 임차인이 월세를 모두 지급한 상태이고 임차인이 허락하였다면 거주하여도 무방합니다
얼마정도 들어요?	관리비   식대   최소       만원 보시면되요 교통비 생활비 기타 등등 포함하면 그 이상이겠지만   조금더 구체적인 상황을 설명 주시면 구체적인 답변 가능할 것 같아요  사는 지역   집 형태   학생 신분인지   음주 즐겨 하시는지   차량 소유 여부 등
오늘 준다고 일정은 되있는데 정확히 몇시에 주나요?	질문에 답변드리겠습니다  월세 지급 담당자가 오늘 입금하기로 되어 있다면 근무시간을 고려하여 곧 입금될 것으로 보입니다
다방 앱에서 본건데요 서울시 서초구 반포동이에요 34평에 웬만한 가구는 다 옵션이던데 왜 가격이 저렇게 싼거죠?	싼건 아닙니다  그리고 옵션이더라도 망가지면 다물어줘야하기때문에 자기물건보다 더소중히 다루어야합니다
서울청년월세지원후 몇칠전서류심사통과된상태입니다 월세계약만료일이2022년7월25~ 2023년7월25일까지라 월세연장계약예정이면 최종선정후 연장계약서제출시에는 변경신청해야하나요? 만약연장계약서작성을 안하고 그집에계속거주하게된다면 지원금을계속받을방법은 없는건가요?	월세연장계약예정이면 확인 할 수 있게 집주인 혹은 부동산 요청드려서 연장 임대차계약서 작성 하시는 것을 권장합니다     안하고는 내용증명이 되지 않아 힘들 수도 있습니다만  더 자세하고 정확한 문의는 청년월세한시특별지원콜센터          로 전화하셔서 문의하시면 될 것 같습니다    청년월세지원 제도는 최대    만원까지 월세를 지원하는 제도이며  아래 링크 통해 모의계산 및 자세한 대상조건  신청방법 확인 가능합니다                     청년월세지원 신청하기 조건 확인 후 모의계산기                  청년월세지원 제도가 있다는 사실 알고 계시나요  대한민국에 태어나 청년에 해당되는 분들 중 월세를 살고 계시는 분들에게 살면서 단  번  년 동안 월세를 지원해주는 제도입니다  생각보다 많은 분들이 모르시기도 해서 나이를 놓치는 경우가 있기 때문에  오늘 청년월세지원 제도에 대해 자세히 알려 드릴테니 확인 후 해당되시면 꼭 놓치지 말고 받으세요
서울청년 월세지원 6.7.8월분을 받았는데 60만원을받았는데 다음 회차는 언제인지 어떻게 알수잇나요홈페이지에도 없던것같은데..	서울청년 월세지원      월분을 받았는데   만원을 받았는데 다음 회차는 언제인지 어떻게 알수잇나요홈페이지에도 없던것같은데            월분을   월 경에 신청을 하여   월 경에 지원 이체가 된다고 했지요
복정역 정도 생각중인데요…대중교통으로 야탑역 빨리 갈 수 있으면서 위치가 서울이여야해요.회사가 야탑인데, 시에서 지원받는 정책 때문에 서울에서 계속 거주해야합니다.	야탑가는데 서울 월세가 싼 곳이면 청계산이 있는 세곡동 주변이 생각나는데요  여기서 야탑역을 가는 버스가 많습니다                        고층 오피스텔 중에 방도 크고 대로변에 있어 편한곳이고   안쪽으로 들어가면     만원     만원으로 방은    평짜리 원룸도 있습니다  반지하의 경우    만원    만원도 있습니다  네이버 부동산에서 한번 찾아보시면 좋을 것 같습니다
서울 신림동에 월세 거주하고 있는 청년입니다.계약 만기는 10월 23일인데 두달 밖에 안남았는데부동산먼저 여쭤봣는데 일단 중도로 나갈 경우임대인이 부동산 복비를 내야 하는건 임차인이 내야 한다 하더라구요 계약서에도 그렇게 적혀 있어서 복지 저희가 내겟다고 말씀을 드렸고 법적으로 정해진것도22만원이더군요저희가 사는 집은 금방 금방 잘 나가서 차라리 복비 내고부동산에 집 올려서 빨리 임대차 구하려고 했는데 양쪽에서 복비를 더 받으려고 난리를 치더군요 원래 집주인은 50만원 냇다는등 서로 중간에서 말이 오가는도중갑자기 집주인이 불쾌하다며 집 안뺄거라고 계약기간까지살으라고하더군요 진짜 너무 힘들고 황당스럽고집을 뺄 수 있는데 굳이 안빼고 살라는건 무슨 경우인가요?진짜 이런경우가 있나요? 졸지에 돈이 이중으로 나가게 생겼는데 저희는 사정이 있어서 나가야 하는데정말 말로만 듣던 서울 집주인 너무 가혹하네요방법이 없을까요 정말? ㅠㅠㅠㅠ	원래는  개월 안에 나간다면 임차인이 복비는 안 냅니다 하지만 계약서에  만기 전에 나가면 복비는 임차인이 내야 한다 고 했으면 내야 하는게 맞습니다 그래서 특약 사항에 불리한 조항이 있는지  확인해야 합니다 계약서에 도장 찍기 전에 특약에 불리한 것이 있는지  마지막 점검하는 유료 상담을 많이 받습니다 일단은 내야 합니다 만기까지 살라고 하면 이중으로 돈이 나가니 일단은 중개수수료 부담한다고 하고 일단은 나가시는게 유리 합니다 남의 약점 잡는 진짜 쓰ㄺ같은 인성을 가진 사람들 입니다 어쩔 수 없으니 부담하고 나가시는게 유리합니다
안녕하세요!  지금 친구랑 둘이 1000/70 형태의 집에 살고있어요이런 경우 월세 지원 받을 수 있는 자격이 될까요..?월세 지원 조건을 보니 1인주거형태의 월세 60만원 미만의 조건을 뽑는 거 같더라구요..받을 수 있는 월세 지원 사업이 있는 지 알려주세요 !	년 청년 월세 지원   만원은 내년  월부터 신청과 지급이 개시됩니다  정부는     년  월까지  년 동안 월세 지원 신청을 받고 신청자 별로 신청 시점부터   개월 안에 지급을 완료할 계확입니다                         년 청년 월세 지원 신청 홈페이지는 아직 개설 전이며  현재는 서울시 청년 월세 지원이나 경기도  인천  부산  울산  대전  대구 등 각 지자체 청년 월세 지원 사업을 지원하시면 되겠습니다  신청 내역 등 관련 자료는 하단 홈페이지를 통해서도 확인하실 수 있습니다 기타 궁금하신 사항은 하단     자료 참고해보시길 바랍니다                청년 월세 지원       청년 월세지원금 신청방법  서류  신청일      청년 월세 지원 청년 월세 지원사업       년부터 소득이 낮은 청년들에게 월세를 지원하는 청년 월세 지원 사업이 시행될 전망입니다  기획재정부 주재로 열린 제 차 재정사업평가위원회에서 조사가 완료된
2022 청년월세지원 선정됐는데 제가 2월에 서울로 이사와서 월세를 지금까지 내왔어요 앞으로 1년동안 달에 20만원을 받는건가요 아니면 2월 부터 낸 금액부터 1년을 받는건가여?	안녕하세요  서울생활 행복도우미    다산콜센터 지식파트너입니다     서울 청년월세지원은 최대   개월 지원됩니다        월   만원 이하 지원 최대   개월    만원             생애  회 지원              만원 미만 월세 계약은 실제 월세금액만 지원 예시   월세   만원 거주 시  월   만원 지원             서울형 주택바우처 수급자인 경우 바우처 수령액을 제외한 차액 지급       지급방법            입금 전용계좌 입금            지급일  격월 계좌입금            첫 지급     월초 예정       보다 더 자세한 사항은 서울주택도시공사 콜센터          번으로 문의 바랍니다     상기 자료는 서울시 기준으로 안내되는 내용으로  답변 드리는 시점에서 유효함을 안내드립니다   법령 개정 및 정책 변경에 따라 변경될 수 있습니다   더 궁금하신 사항은 다산콜센터 트위터                                     카카오톡에서  서울톡                                을 친구추가하시면 편리하게 이용하실 수 있습니다   생활속의 불편한 불법주정차  청소 등 민원은 서울스마트불편신고 앱                                    을 통해서도 접수 가능합니다 드린 답변이 궁금증 해소에 도움이 되셨기를 바라며  행복한 하루 보내시기 바랍니다
지방에 아파트에 세대주로 되어있어요. 그런데 일 때문에 서울에 원룸을 하나 월세로 얻으려고 하는데주의할 점이 있을 까요?보증금도 있는 월세방은 처음 구해보는 거라서 문의드립니다.	안녕하세요  보증금이 있는 곳이라면 계약후에 대항력을 갖추어야 하니 전입을 해야할 것으로 보이네요 현재 사는 집에 세대주 조건이 필요하다면 전세권설정 을 하는 것도 좋은 방법입니다
서울청년월세 지원 신청을 놓쳤는데 언제 다시 받나요..?	서울청년월세 지원 신청을 놓쳤는데 언제 다시 받나요         심사 판정이 되어 대상자로 통지가 되고 나서  개월 이내에서 지원 이체가 되었으므로 님의 경우를 판단 해 보시면 되겠지요
보증금 3천만원 주고 월세로 2년 다 채워져서현재 계약만료까지 7월에 만기라서 재계약 말씀드렸더니안된다고 하시네요 집주인이 왜그런걸까요?	연장해서 거주하고 싶으시면 계약갱신청구권 사용하시면 됩니다  하지만 거절 사유가 있는데 그중 집주인이 직접 거주일 경우 거절 가능하오니사유를 물어보시는게 좋을 것 같습니다
사회복무요원으로 근무하다가 이번달에 소집해제를하게됫습니다 서울와서 살아보고싶어서 서울에 무턱대고 고시원예약해서 왔는데 방은괜찮은데 샤워실이 좀 ㅠㅠㅠㅠ 상태가 그렇더라구요 그리고 제기동인데요.. 주변에 한약점포..? 가널려있고막 ㅠㅠㅠㅠ 사람들이 동대문 동대문해서 왔는데..제기동은 동대문이라기보다는 다른구랑 사이에 섞여있는?.. 곳이라고 하더라구요 ㅠㅠㅠㅠ일단 예약금도 아깝고 해서 일단 한달 살고 취업하면 방옴기려고하는데어느지역이 그나마 방저렴할까요..? 그냥 신림갈걸 퓨ㅠㅠㅠㅠㅠㅠ 아.. 이번엔 집 이랑 주변 직접보고 계약할거니까.. 그래요 ㅠㅠㅠㅠㅠㅠㅠㅠㅠㅠㅠㅠ 일단 제가 알기로 신림이 저렴하다던데 신림말고 또어디있을까요..? 일단 이력서를 많이넣어봐야되니까요 ㅠㅠ.. 부모님은 종로나 은편 얻으라고하시고 신림은 살기별로안좋다고 하시던데 친구는 또 신림이 20대가살기좋다고하고 ㅠㅠㅠㅠㅠ 가능하다면 취업한곳 근처에 집구할생각이라 ㅠㅠㅠㅠㅠㅠ 저좀 살려주세여 ㅠㅠㅠㅠㅠㅠㅠㅠㅠㅠㅠ 의식의 흐름대로쓰고있긴 한데 너무 간절해요.. 12월 04일까진 여기서 살겠지만,, 진짜.. 취업하고 방얻으면 바로 택시타고 나를거같아여..퓨ㅠㅠㅠㅠㅠㅠㅠㅠㅠㅠㅠㅠㅠㅠㅠㅠㅠㅠㅠ 돈아깝다고 앵간하면 택시안타는데 ㄹㅇ.. ㅠㅠㅠㅠㅠㅠㅠㅠㅠㅠ 사회초반생이 살만한곳 추천해주세여 ㅠㅠㅠㅠㅠㅠㅠㅠㅠㅠㅠㅠㅠㅠ	빌라많은곳이 저렴합니다 신림 봉천 대림강서구 은평구 등일단 교통편리한곳으로 지역확인후 네이버부동산 직방 다방으로 검색하는것이 편리합니다
서울주거포털 홈페이지 → 주거 정책 → 청년.신혼부부 지원 → 청년월세지원 까지는 클릭했는데제일 아래로 내려봐도 1:1문의 버튼에 안보여요어떻게 신청하나요	서울주거포털 홈페이지에서 서울청년월세지원에 대한     문의를 남기는 방법은 다음과 같습니다     먼저  서울주거포털 홈페이지                                   에 접속합니다     메인페이지에서 상단의 메뉴 중  주거 정책 을 클릭합니다     주거 정책 페이지에서  청년 신혼부부 지원 을 찾아 클릭합니다     청년 신혼부부 지원 페이지에서  청년월세지원 을 클릭합니다     해당 페이지에서 스크롤을 내려보면      문의 라는 버튼이 보일 것입니다  이 버튼을 클릭합니다        문의 페이지나 팝업창이 열리면  요구사항을 작성하고 문의를 남깁니다  만약 해당 버튼이 보이지 않는다면  페이지 내 다른 곳에 문의하기 버튼이나 고객센터 연락처가 제공되어 있을 수 있습니다  이 경우에는 직접 전화나 이메일을 통해 문의를 하실 수 있습니다
2024년 동거인 A.BA: 신촌에서 대학을 다닌다,학교랑 위치가 가까우면 좋겠다.B: 경찰병원역애서 학원을 다닌다, 멀어도 되지만 돈을 최대한 아끼는 방향이면 좋겠다.둘다 땡전 한푼 없어서 그 전까지 모을겁니다. 집을 구하고 난뒤로는 둘다 알바 할 여력이 안돼 매달 수입 60-70씩 있지 않을까 싶어요. 위치는 어디가 좋을까요?	일단   년까지 돈을 최대한 모으고 나서 결정하시는게 좋아보입니다   년이 되면 그때의 부동산 시장에 또 다른 변화가 올 수 있고자금 상황에 따라 달라지기 때문에 목표 자금을 설정하고 최대한 저축을 하는게 좋아 보입니다 서울 월세일 경우 보증금     만원     만원 정도 선에서 월 차임       만원 정도 지불하시면괜찮은 투룸을 구할 수 있습니다
안녕하세오 서울청년월세지원 질문입니자신청당시는 백수였고 2차 무작위추첨도 회사월급받기전에 선정되었다고 가정하면,중위소득150프로 넘어도 계속 월세지원받을수있나요?	서울청년월세지원 내공  비공개채택률   마감률   안녕하세오 서울청년월세지원 질문입니자신청당시는 백수였고  차 무작위추첨도 회사월급받기전에 선정되었다고 가정하면 중위소득   프로 넘어도 계속 월세지원받을수있나요     질문답변  중위소득 초과해도가입 당시 기준만 유지하면 됩니다그이후는 상관없어요      근거자료 링크 출처표기                     년 서울시 청년월세지원 사업  신청방법  서류  심사기간      서울시 청년월세지원 청년들의 주거 안정을 위한      서울 청년월세   만원 지원금   서울시 청년월세지원 사업은 청년들이  주거 고민 없이 즐거운 미래 를 꿈꿀 수 있도록  청년월세 를 지원하는 사업 입
제가 9월4일에 전입신고 하는데 신청할수 있나요?	네 가능합니다   일부터 신청이니  일 전입신고 하시고  월세 이체내역 서류 제출하시면 됩니다   개월분밖에 없다면 그것만 내시면 됩니다
저는 작년부터 서울청년월세지원을 받다 올해 1월 대구로 이사를 갔습니다 3회차까지 받을 수있었고 신청 전에 홈페이지 공지배너에 지급중지신청은 4회차부터 하면 된단 글을 본 것 같아 청구등록만 해뒀었습니다결과 3회차를 받지 못하였고 지급중지 신청 후 4회차에 다시 청구하란 연락이 왔습니다 그래서 지급중지신청을 하려할때마다 사진처럼 떠서 신청도 못하고 있습니다 왜이럴까요	결과  회차를 받지 못하였고 지급중지 신청 후  회차에 다시 청구하란 연락이 왔습니다 그래서 지급중지신청을 하려할때마다 사진처럼 떠서 신청도 못하고 있습니다 왜이럴까요      님의 조작 미스일 수도 있으므로 그런 경우는 주민센타로 계약서 신분증 들고 찾아서 주소변경 신고를 하면서 계속 지원 신청을 하면 되는 것이지요
서울 아무지역이나 최소 얼마하나요? 월세요 전새도 괜찮아여	집 가격은 조건에 따라 장소에 따라 천차만별입니다  이렇게 다짜고짜 질문할 수 있는 내용이 아니에요 최소 본인이 자금이 얼마고  월 얼마를 낼 수 있는지 알아야 어느 지역에서 몇 평짜리 집을 구할 수 있는지 답변이 가능합니다  고시텔은 보증금    에   만원이어도 살 수 있습니다   평도 안 되죠
현재 진행되고있는 서울청년월세지원금이 22년부터 23년3월31일까지인데 제가 23년 2월부터 서울로 이사하게되었습니다. 23년에도 시행이 되나요??시행된다면 언제쯤부터 시행이 될까요??	안녕하세요  청년 월세 지원 사업은 서울시에서 진행하고 있는 주요 사업인 만큼     년에도 진행될 것이라고 기대할 수 있습니다      년에는  월   일      년에는  월 초에 모집 공고가 올라온 것으로 보아  올해도 비슷한 흐름일 것이라고 예측할 수 있습니다  올해 초 예산 확정이 되어 사업이 진행될 것으로 보입니다만 서울주택도시공사 청년월세지원센터           에 전화 문의로  확인해보시는 것도 추천드립니다                                                                         사업개요   청년월세지원   청년 신혼부부 지원   주거 정책   서울주거포털 서울주거포털 서울에 거주하는 청년의 주거비 부담완화와 안정적 주거환경 마련을위한 서울시의 청년주거복지사업입니다  사업개요 사업내용 사업공고문       년 청년월세지원 사업의 자세한 내용은 최종  월   일 공고문을 참고하시기 바랍니다  사업개요 신청일 기준 주민등록등본상 서울시에 거주 주민등록등본상 서울시에 거주하고 신청연도 기준 만  세
서울시 청년 월세 지원 사업은 실 거주하고 있어도 전입신고가 안되어있으면 신청이 불가능한가요??	네  그렇습니다  서울시 청년 월세 지원 사업은 신청일 기준으로 임차건물 소재지에 주민등록이 되어 있어야 신청이 가능합니다  따라서  실 거주하고 있더라도 전입신고가 되어 있지 않다면  신청이 불가능합니다 다만  다음과 같은 경우는 전입신고 없이도 신청이 가능합니다 부모와 동일한 세대에 주민등록이 되어 있는 경우임차보증금이  천만원 이하인 경우임차료가   만원 이하인 경우이러한 경우에도 전입신고를 하는 것이 유리합니다  전입신고를 하면  다음과 같은 혜택을 받을 수 있습니다 지원금을 더 많이 받을 수 있습니다 지원금을 더 빨리 받을 수 있습니다 지원금을 더 오래 받을 수 있습니다 따라서  실 거주하고 있다면  전입신고를 하는 것이 좋습니다 전입신고는 관할 주민센터에 방문하여 신청할 수 있습니다  신청 시에는 임대차계약서  주민등록등본  신분증을 지참해야 합니다                                          보물사냥꾼 살면서 필요한 정보만 적어 놓았어요  검색해서 많이 보고 가세요
제가 서울월세 지원을 하였는데 아직 지급이 안됬네요 혹시  10월중에 지금예정인데.. 몇일에 지급하는지 아시나요?	직접관청에 확인하시기 바랍니다
제가 8월 19일에 부동산에서 방보고 선입금 걸어놔서 집주인이랑 계약서 쓰는건 다음주 주말에 쓰기로 했어요. 9월에 입주하는 날 잔금처리하구요.그런데 청년한시월세지원?이 21일까지인걸 이제 알았네요.. 당장 내일계약서 쓰고 잔금치룬다고 해도 전입신고나 월세이제증빙이 어려워서 신청하긴 힘들죠?너무 아쉬운데 이런 청년월세지원 사업은 그래도 매년 있어왔죠? 내년 기다려보면 되나요?	네  서울 청년월세지원 사업은 매년 진행되고 있습니다  하지만 정확한 일정은 매년 달라질 수 있으므로  내년에 다시 신청할 수 있는지에 대해서는 현재로서는 확답을 드리기 어렵습니다  현재 상황에서는 청년한시월세지원 사업에 신청하기가 어려울 수 있습니다  하지만 다른 지원 프로그램이나 정책을 통해 부동산 관련 비용을 줄일 수 있는 방법을 찾아보시는 것도 좋은 방법일 수 있습니다  또한  서울시나 해당 부동산 관련 기관에 문의하여 상황을 상세히 설명하고 도움을 요청해보시는 것도 좋은 방법입니다  그들은 보다 정확하고 구체적인 답변을 제공해줄 수 있을 것입니다  도움이 되셨다면 채택 부탁드리요
제가 이번에 서울청년월세지원 7.7까지 인걸 깜빡하고 지원 신청을 하지 못했는데,, 그 다음 신청일은 또 언제일지.. 공고를 봐도 헷갈려서 질문드립니다.	질문 제가 이번에 서울청년월세지원    까지 인걸 깜빡하고 지원 신청을 하지 못했는데   그 다음 신청일은 또 언제일지   공고를 봐도 헷갈려서 질문드립니다    답변 기존 서울시 청년월세지원사업을 신청하지 못했더라도  이번에 정부에서 전국 청년들을 대상으로 하는 청년 월세 특별한시지원사업이 있습니다  기존 서울시에서 했던 사업과 완전히 동일한 내용이므로 그 사업을 신청하시면 됩니다  아래 글 참고하신 뒤 바로 신청 가능합니다  청년월세 특별지원사업 대상자는 다음과 같습니다    지원금액   최대    만원  월   만원   신청기간    월   일    지급기간     월   일  순차지급  무주택 청년  부모와 별도 거주  보증금      월세    이하  재산요건   청년가구  억    만  원가구  억     만 이하  소득요건   청년가구 중위소득      원가구 중위소득       근로소득  사업소득     공제하니 꼭 체크  청년월세지원사업을 신청하면서 많은 분들이 궁금해하는 사항을 직접 지자체와 복지로에 연락하여 정리한 내용    로 정리했습니다  꼭 확인하셔서 질문자님께 많은 도움이 되시기를 바랍니다               청년 월세 특별지원 조건 및 신청방법 매달 월세 낼 때마다 부담스러우시죠  얼마 되지 않는 월급에 월세 내는데 물가도 올라서 생활비 아끼기도 팍팍해졌습니다  이에 정부에서는 월세에 거주하는 무주택 청년에게    만원의 월세를 지원하기로 했습니
당장 오늘 집보러 가는데 아는게 없네요... 보통 월세 보증금이 5천 이상 하더라구요	서울 월세 집을 얻을때 알아둬야 할게 있을까요당장 오늘 집보러 가는데 아는게 없네요    보통 월세 보증금이  천 이상 하더라구요    집상태  옵션상태  임대인 신분증  등기부등본  계좌번호 확인하고  계약서 작성하고 확정일자 받고  잔금과 전입신고는 동시진행이여서  잔금하고 전입신고 하면 됩니다
제가 9월에 입주하여 전입신고도 했어요 근데 월세이체내역을 내야되는데 보증금이랑 합쳐서 이체 했는데 어찌해야되나요?!	안녕하세요 이체내역 내실때 부연설명하시면 상관없습니다  아래 절차 및 신청 결과 확인 참고하세요                                        청년월세지원 신청 청년월세지원 신청 바로가기 청년월세지원 조건 확인하기 청년월세지원 결과 확인하기 서울 청년월세지원 신청 방법  지원금액  신청 조건  선정 기준  결과 발표  신청 제외 대상자까지 서울 청년월세지원 신청에 대한 총정리를 하였습니다  신청기간이 정말 얼마 남지 않았습니다  빠르게 서울 청년월세지원신청하셔서 정부에서 지원해 주는 지원금 받으셨으면 좋겠습니다  신청 기간      년  월  일  화           월   일  월        선정 인원       명 서울 청년월세지원에 당첨되면 생애  회에 월   만 원 최대   개월
현재 서울 청년월세지원 참여하여 지원금 받고 있습니다. 이번 신청기간이 2,3월 월세 납부한 것에 대하여 신청하면4월 20며칠에 지원금을 입금해주는 것으로 알고 있습니다.그래서 정상적으로 2,3월 월세 납부한 거 첨부하여 신청 등록했습니다.근데 제가 타 지역(서울 제외)으로 4월9일날 월세계약을 체결해 이사를 갈 예정입니다.이런 경우 정상적으로 4월 20며칠날 지원금을 받을 수 있는 건가요?또 지급중지 신청은 언제 해야 하는지 알려주세요.감사합니다.	근데 제가 타 지역 서울 제외 으로  월 일날 월세계약을 체결해 이사를 갈 예정입니다 이런 경우 정상적으로  월   며칠날 지원금을 받을 수 있는 건가요  또 지급중지 신청은 언제 해야 하는지 알려주세요       그래야겠지요     월은 이미 이뤄진 월세 납부인 것이고  그것을 지금에 와서 지원을 받는 것이므로기득권이 있는 것이므로 신청 후 이사를 간다고 해도 유효한 것으로 봐야겟지요
제가 지방 사람이고 곧 서울로 상경해서 집을 구해야되는데 이런게 처음이라서요 주의해야할 점 좀 알려주세요	계약 시 주의사항  계약 전 등기부부본을 직접 발급 받아서 반드시 내용 확인  집주인 인적사항  근저당 설정 압류 등 확인   신분증 진위 확인 및 실소유권자와 직접 만나서 계약하기  전입신고 및 확정일자 받기  공인중개사 신분 조회  국가공간정보포탈에서 조회   계약 전 건축물대장을 확인하여 불법적인 용도변경이 있는지 확인하기  전입신고나 확정일자 미뤄달라고 요구할 시 의심하기  집주인이 확정일자 전에 근저당을 설정할 수 있음    방 볼때 확인사항 누수 여부 확인 일조량 체크 수도 및 배수 체크 천장  벽지  장판 상태 및 곰팡이 확인 방충망 찢어짐 확인 욕실 변기  샤워기 파손 여부 확인
제가 22년 10월 21일에 1회차 지원을 받고 2, 3회차는 증명서 제출을 안 해서 못 받고 4회차 4월 21일에 받았습니다그리고 4, 5월 월세 증명서를 제출하고 기다리고 있었는데 당연히 6월 21일에 들어올 줄 알았는데 안 들어오네요22년도에 신청하신 분들 혹시 지원금 들어왔나요?아니면 날짜가 바뀐 건 가요?	안녕하세요  답변드립니다  서울 청년월세지원 지급일에 대한 문의 감사합니다  저희가 제공하는 정보에 따르면  서울 청년월세지원의 경우 매월   일에 지원금이 입금됩니다   하지만  지원금을 받으시려면  회차부터는 월세 증명서를 제출하셔야 합니다  질문자님께서는     회차에서 증명서를 제출하지 않아 지원금을 받지 못하셨다고 하셨는데  이와 같은 경우 해당 월의 지원금은 다음 회차에 포함되어 지급됩니다  질문자님께서는  회차에서 지원금을 받으셨으며      월 월세 증명서를 제출하셨다고 하셨는데  이에 대한 심사 결과에 따라  월   일에 지원금이 들어올 예정입니다     년도에 신청하신 분들 중에서도 지원금을 받지 못하신 분들이 계시는 것으로 알고 있습니다  그러나  지원금 지급일은 변동이 있을 수 있으므로  질문자님께서는 정확한 날짜 확인을 위해 해당 기관에 문의하시는 것을 추천드립니다  감사합니다   도움 되시기 바랍니다
수능 준비하러 3월부터 서울에 올라가는데 제 생활비, 교재비, 독서실비 등등 제외하면 모아둔 돈이 바닥이라서ㅠㅠ 월세 대출을 알아보고 있습니다.1. 서울 청년월세지원과 청년 월세대출 함께 가능한가요?2. 청년 월세대출 신청 절차가 어떻게 되나요? 금리도 알려주세요	서울 청년월세지원   월세 대출 내공           채택률   마감률    수능 준비하러  월부터 서울에 올라가는데 제 생활비  교재비  독서실비 등등 제외하면 모아둔 돈이 바닥이라서ㅠㅠ 월세 대출을 알아보고 있습니다    서울 청년월세지원과 청년 월세대출 함께 가능한가요    청년 월세대출 신청 절차가 어떻게 되나요         네 중복은 됩니다   아직 신청기간 아닙니다    링크출처                 청년 월세 지원       청년 월세지원금 신청방법  서류  신청일      청년 월세 지원 청년 월세 지원사업       년부터 소득이 낮은 청년들에게 월세를 지원하는 청년 월세 지원 사업이 시행될 전망입니다  기획재정부 주재로 열린 제 차 재정사업평가위원회에서 조사가 완료된
제가 이번 7월달에 다른 월세로 이사를 가는데, 청년 월세 지원을 신청할때 어떻게 해야할까요?이사갈 집으로해야 하나요?? 서울시 청년월세지원상담센터 02)2133-1337에는 몇번 전화해 봤는데 안받아서 여기에 문의 드려요ㅠㅠㅠ	현재는 일단은 신청기준 집으로 하셔야합니다 이사후에는 추후 변동사항을 수정하시면 됩니다                 서울시 청년월세지원  서울 청년 월세지원 조건 신청방법 서울시 청년 월세지원 서울 청년월세지원   월   일부터 서울시에서 서울시 청년월세지원을 시작합니다   서울 청년월세지원 이란  청년  인가구의 주거안정을 지원하고 공정한 출발선을 보장하기 위한 서울시의                                 서울시 청년월세지원 가장 명확한 안내입니다신청방법  자격조건 등 참고하심 좋겠습니다
서울 월세 자취방구해서 전입신고 하고싶은데대부분 가능한가요?안되면 어떤이유가 잉ㅎ죠?집주인이 안해주는이유	서울 월세 자취방구해서 전입신고 하고싶은데 대부분 가능한가요 안되면 어떤이유가 잉ㅎ죠 집주인이 안해주는이유          정도는 가능한 것이고  업무용 시설로 전입신고가 안 되는 건물이나 임대인이 탈세를 위해 거절하는 주택이 있지요
제가 서울에 월세로 전입신고 되어 있는데요!그럼에도 불구하고 부모님 소득을 고려하여 대상자를 선정하는 건가요?	서울주거포털 청년월세지원제의 대상자는 부모님 소득을 고려하여 선정되는 것이 맞습니다  그러나 전입신고로 서울에 월세로 거주하는 청년도 대상자 선정의 조건에 포함됩니다  이는 청년들이 서울에서 생활하며 더 나은 주거 환경을 제공받을 수 있도록 지원하기 위한 것입니다  따라서 부모님 소득뿐 아니라 최근 거주지와 관련된 자료 등 다양한 요소가 고려될 수 있습니다
서울 한시 청년월세 특별지원에 붙었는데 매달 내야하는 서류같은게 있나요? 매달 통장 사본이라던가 하는 그런거를 내야하는 게 있나요?그냥 붙었다고만 메세지가 와서..	전세 대출을 받으려는 집이 다가구 주택이고  건물 가격이   억에 융자가  억인 상황에서의 전세 대출 가능성에 대해 말씀드리겠습니다  보증보험의 경우  일반적으로 주택금융공사     나 보증보험회사 등에서 제공하는 서비스로서  임차인이 세입자 대출 전세자금대출 을 받을 때 해당 금액에 대한 보증을 해주는 것입니다  이 보증보험이 안 된다는 것은 일반적으로 해당 부동산에 문제가 있거나  이미 다른 금융기관에서 담보권 저당권 등 을 설정하였기 때문일 수 있습니다   은행 다음으로  순위 라는 말은 아마도 은행의 담보권 이외에 추가로 담보를 설정할 수 있다는 뜻일 것입니다  즉  은행이 융자를 회수한 후 남은 금액에 대해 우선적으로 권리를 행사할 수 있다는 의미입니다  그러나 위와 같은 상황에서 전세대출을 받으려면 여러 가지 사항들을 고려해야 합니다  이미 건물 가치의 절반이 넘는 융자가 있는 상태에서 추가로 전세대출을 받게 되면  만약 건물주가 부도나 기타 사유로 인해 융자를 갚지 못하게 될 경우 전세금 반환 등에 문제가 생길 수 있습니다  더욱이 신축 건물의 경우 특별한 사정이 없다면 일반적으로 보증보험이 가능합니다  그런데 만약 보증보험이 안된다면 그건 그 자체로 리스크 요소일 수 있습니다   은행 다음으로  순위 라고 하더라도 실제로 문제 발생 시 우선순위가 어떻게 적용되고  그 결과 얼마만큼의 손실 위험이 있는지 파악하는 것이 중요합니다  따라서 위와 같은 상황에서 전세대출을 받기로 결정하기 전에는 부동산 전문가나 법률전문가와 충분히 상의하시고  필요하다면 건물주나 은행 등과의 계약서에 이런 내용을 명확히 기재하는 것이 좋습니다
안녕하세요 서울 청년월세지원 중위소득에 대해서 질문드립니다.어느 글에서는 중위소득이 60%이하여야 청년월세지원 혜택을 받을 수 있다고 하고 또 서울 청년월세지원홈페이지에서는 중위소득 120%,150%이하는 가능하다고 쓰여있는데 서울 기준으로 중위소득 몇%이하까지 신청가능한지 궁금합니다.그리고 만약에 서울 청년월세지원 기준이 중위소득 120%,150%이하가 맞다면 1인기준인지 가구기준?인지 궁금합니다!	서울 청년월세지원 중위소득 비공개채택률    마감률    안녕하세요 서울 청년월세지원 중위소득에 대해서 질문드립니다 어느 글에서는 중위소득이    이하여야 청년월세지원 혜택을 받을 수 있다고 하고 또 서울 청년월세지원홈페이지에서는 중위소득          이하는 가능하다고 쓰여있는데 서울 기준으로 중위소득 몇 이하까지 신청가능한지 궁금합니다 그리고 만약에 서울 청년월세지원 기준이 중위소득          이하가 맞다면  인기준인지 가구기준 인지 궁금합니다      질문답변      년 청년월세지원사업 신청기간은  월부터 시작됩니다  청년월세 한시특별지원 신청대상은 아래와 같습니다  대상 내용  저소득  독립 청년      세 약     만명 에게 최대   만원씩   개월동안 지원  청년가구 중위소득     이하   원가구 중위소득      이하  사업기간         년 한시사업 신청                년    지급      년    년 약  년    총사업비  총      억원 국비      억원  지방비      억원       신청대상 연령  만   세 만   세가 되는 해의  월  일부터   월   일까지 신청 가능  예  생년월일이          인 청년은          에 만   세가 되나 만   세인      월에도 청년월세지원 신청 가능    지원 월세보증금  천만원 이하 및 월세   만원 이하인 주택 에 거주하는 경우 지원받을 수 있습니다   다만  월세가   만원이 초과되더라도 보증금의 월세환산액 환산율      과 월세액의 합계액이   만원 이하인 경우는 지원 가능  예  보증금    만원  월세   만원인 주택에 거주하는 경우  보증금의 월세환산액 약 만원  백만원        월 과 월세액의 합계가 약  만원이므로 지원 가능      청년월세지원 자세한 안내는 하단 링크를 참고하세요 국토교통부 기반된 자료라 가장 정확합니다   첨부자료                청년 월세 지원       청년 월세지원금 신청방법  서류  신청일      청년 월세 지원 청년 월세 지원사업       년부터 소득이 낮은 청년들에게 월세를 지원하는 청년 월세 지원 사업이 시행될 전망입니다  기획재정부 주재로 열린 제 차 재정사업평가위원회에서 조사가 완료된
현재 서울에 거주하고 있고 청년 월세 지원을 부산에서 받은적이 있는데 부산에서 받다가 두번받고 서울로 이사를 오는 바람에 중단 했었어요 그럼 서울에서는 신청 불가인가요 ?	서울 청년 월세지원 비공개채택률   마감률    현재 서울에 거주하고 있고 청년 월세 지원을 부산에서 받은적이 있는데 부산에서 받다가 두번받고 서울로 이사를 오는 바람에 중단 했었어요 그럼 서울에서는 신청 불가인가요        질문답변  아뇨 이번에 새로생긴건 재신청 가능해요     링크출처                 청년 월세 지원       청년 월세지원금 신청방법  서류  신청일      청년 월세 지원 청년 월세 지원사업       년부터 소득이 낮은 청년들에게 월세를 지원하는 청년 월세 지원 사업이 시행될 전망입니다  기획재정부 주재로 열린 제 차 재정사업평가위원회에서 조사가 완료된
서울청년월세지원을 하려고 하는데 제가 현재 거주하고 있는 집 계약할때 비주거용으로 계약을 했고 확정일자는 받고 거주중입니다. 용도는 업무시설로 되어있습니다단독 · 다가구주택 아파트연립주택 다세대주택 오피스텔 고시텔(리빙텔)  고시원 게스트하우스 셰어하우스 비주거용 건물(상가, 공장, 여관 등)어떤 걸 선택해야나하요?	질문  서울청년월세지원을 하려고 하는데 제가 현재 거주하고 있는 집 계약할때비주거용으로 계약을 했고 확정일자는 받고 거주중입니다  용도는 업무시설로 되어있습니다 단독   다가구주택 아파트연립주택 다세대주택 오피스텔 고시텔 리빙텔   고시원 게스트하우스 셰어하우스 비주거용 건물 상가  공장  여관 등      답변  고시원  오피스텔로 하시면 적당하시겠습니다     급여 대상의 시설은 다음과 같습니다      주택법 제 조 제 호의 주택 단독주택  아파트  연립 및 다세대 주택 등 과  주택법 제 조 제 호의 준주택 고시원  노인복지주택  오피스텔      주거급여 실시에 관한 고시  제 조제 호 임차료가 발생하는 시설에 한함 부터 제 호에 해당하는 시설에 거주하는 수급자    그 밖에 소매점  미용원 등 거주를 목적으로 하며  수급권자가 거주하는 것으로 보장기관이 인정하는 시설  필수서류 제출 가능 시설     또한  하숙집  대학 기숙사  회사 기숙사의 경우에도 필수서류가 갖추어진다면 지원대상에 포함   전세로 거주할 경우는 사업의 지원대상이 아니며  공공임대주택을 제외한 주택의 반전세는 보증부월세로 인정   딱  분만 투자하셔서 정부에서 지원하는 월세    만원 받아가세요                                        정부 월세    만원 지원대상  신청방법  누구나 받을 수 있는 꿀팁 방출  클릭 보증금 최저금리로 받는 꿀팁 확인하기  클릭 청년월세지원 조건 및 신청방법 확인하기 암 보험의 단점 암 보험을 들지 말아야 할 이유는 다양합니다  먼저  암 보험은 건강 상태나 가족력  연령 등 개인의 요인에 따라 보장 내용과 보험료가 크게 달라질 수 있습니다  따라서  제대로 된 비교와 검토 없이 암 보험을 가입하면 적절하지 않은 상품을 선택할 가능성이 높습니다  또한  일부 암 보험 상품은 보장 범위가 제한적이거나  보험료가 매우 비싸거나  보상 조건이 엄격하게 적용되는 경우도 있습니다  그리고 암 보험을 가입하더라도 모
안녕하세요 오는 3월초에 제가 하고싶은일을 하려 서울에 가야하는 상황입니다 전 지금 대구에서 살고있구요 부모님집에서 살고 있습니다 혹시나 집에서 보증금을 못해줄수도 있기때문에 좀 알아보려고 해요 제가 대출 부동산쪽은 아는게 많이 없어서 우선 저는 월세집에 보증금이 필요한 상황이구요나이는 24살이구 현재 소득은 없습니다 대출을 어떤걸 받아야하고 집계약하고 대출하는 순서도 좀 알려주셨으면 해요 부탁드립니다	우선 자신이 나는 교통권지역과 멀어도 조금 걸을수있다 라고 하면  일단 역세권 지역이 아니기에 좀더 보증금 및 월세 부담이 줄어듭니다 다만 교통권이 용이 했으면 한다고 한다면가격이 다소 올라갈겁니다
구로디지털 단지역 아니면 서울대입구역 아니면 낙성대역 쪽으로 원룸 월세방을 잡고싶은데 가격차이가 클까요? 평균어느정도 나는지 궁금합니다	질문에 답변드리겠습니다  서울대입구역 등 주변 월세 임차인조건은         만원 정도를 고려하시면 충분합니다  이 보다 저렴한 곳도 있지만 상대적으로 교통여건이 좋지 않고 면적도 작은 것이 일반적입니다
작년부터 올해1월까지 청년월세지원금을 받았었는데 자취하다가 본가들어와서 취소했거든용근데 다음달에 다시 자취하러 같은동네로 들어가는데 청년월세지원금 신청 또 못하는거 맞나용?	개월치를 지원받지않았다면 다시 지원해서 받으실수 있어요  그외에 다른 청년월세지원도 있으니 아래에서 확인해보시기 바랍니다                청년 월세 보증금 지원 한눈에 보기 사회초년생이신가요  집 구하기 답답하죠  저도 얼마전까지 집 값때문에 고생을 했습니다  그래서 정부가 청년 월세 보증금 지원 사업들을 많이 펼치고 있는데요  저와 같은 시기를 보내고 있을 청년들을 위해 제가 직접 조사  비교한 청년 월세 보증금 지원       를 공유하려고 합니다  이거 보시고 비교할 시간 아끼세요  대출이고 지원금이고 종류가 많아서 헷갈리시죠  저도 가장 좋은 선택을 하기 위해 청년 월세 보증금 지원 하나하나 찾아보고 비교하느라  개월이 걸렸습니다  사실 다 따져보면 이 아래  개가 최고입니다  저같이 고생하지
2022.06.28일에 1년 계약을 하여 2023.06.27에 만기입니다.  현재 계약이 한달정도 남았습니다.계약이 만기 된 후 이사를 갈예정이라 오늘(2023.05.16) 계약만료 후에 이사를 가야할거같다고 말씀드렸습니다.물론 이전에 계약연장에 관한 내용은 일절 서로 없었습니다.혹시 계약 만료 후에 집 검사 후 바로 보증금 제대로 받을 수있나요?	일에  년 계약 했고 따로 기간을 정하지 않거나  년 더 연장했다면  년  월   일까지는 계약 기간 입니다 새로운 임차인이 안 구해진다면 보증금 받기 어렵습니다 이런 경우는 묵시적 갱신도 아니니  개월 후에 받을 수도 없습니다
안녕하세요.전 올해 2월에 서울에 이주해와서 오피스텔 월세로 거주중입니다. 그런데 회사때문에 다른곳으로 이사가게 되어 월세살던 집에서 나가야되는데.. 이런경우 새로운세입자를 제가 구해야하나요?구하고나면 복비는 제가 내야하나요?집주인분께 미리 말해야하나요?가르쳐주세요ㅠㅠ	회사때문에 다른곳으로 이사가게 되어 월세살던 집에서 나가야되는데   이런경우 새로운세입자를 제가 구해야하나요    계약 만기 전 중도해지를 원할 경우 임대인의 동의가 있어야 하므로 임대인과 협의하여 신규 임차인을 구하여 임대차를 승계한 후 보증금 반환받고 퇴거하시면 될 것으로 보입니다  구하고나면 복비는 제가 내야하나요    임대인에게 발생하는 중개보수를 기존 임차인이 부담하는 조건으로 합의해지 하는 것이 일반적입니다  집주인분께 미리 말해야하나요    네  미리 임대인과 협의하여 임대인의 동의를 받아야 할 것으로 보입니다
안녕하세요 서울청년월세지원 신청서 작성중인데주택유형을 어떻게 해야할지 모르겠어서요계약서에 용도로는 도시형생활주택 및 업무시설로되어있는데 신청서 내 주택유형엔 그게 없더라구요근데 또 임대차계약신고필증? 엔 목적물이 아파트로 되어있고네이버에 주소 검색했을 땐 도시형생활주택으로 떠요+방금 등기소 열람해보니 거기엔 집합건물로 되어있네요이럴 땐 주택유형 뭐로 선택해야하나요?	도시형생활주택으로 하세요
2022년 2월에 입주해서 1년 동안 월세 계약을 했습니다보증금 1000/월세 47+관리비5 이렇게 해서 매달 나가는 돈이 52만원 입니다 이렇게 계산하면 복비는 어느정도 예상될까요?건물은 제2근린생활시설로 되어있고 집이 워낙 습하고 햇빛도 잘 안 들어와서 에어컨에 곰팡이가 다 쓸어서 수리 요청 했는데 너무 비싸다면서 저에게 수리비용을 청구하더라구요 그래서 결국 안하고 올 여름도 더워 죽겠는데 곰팡이 냄새나는 에어컨 틀면서 지냈습니다 혹시 퇴실할 때 저에게 돈을 달라고 하진 않겠죠? 제가 입주하기 전부터 상태가 안 좋았던 것 같습니다	만      만             만원     만                   원 부가세 별도
LH청년매입임대주택을 신청하려하는데 LH청년매입임대주택도 서울 청년 월세 지원을 받을 수 있나요?	서울청년월세지원 문의드립니다  내공  비공개채택률   마감률      청년매입임대주택을 신청하려하는데   청년매입임대주택도 서울 청년 월세 지원을 받을 수 있나요      질문답변  아뇨 그건 제외 입니다     링크출처                 청년 월세 지원       청년 월세지원금 신청방법  서류  신청일      청년 월세 지원 청년 월세 지원사업       년부터 소득이 낮은 청년들에게 월세를 지원하는 청년 월세 지원 사업이 시행될 전망입니다  기획재정부 주재로 열린 제 차 재정사업평가위원회에서 조사가 완료된
직방으로 찾아보니까 신림, 당산 등등 평균적으로 가격이 1000/50 정도더라고요. 생각보다 괜찮은 곳이 가격이 그렇게 비싸지 않던데 원래 그런가요..? 신림쪽 월세 가격이 어떻게 되나요?	안녕하세요 전세사기 예방어플 세이프홈즈입니다   신림은 대표적인 고시촌  원룸촌이라 청년들이 많이 주거하는 곳이라서울에서는 월세  전세가  비교적  비싸지 않은 편입니다                         본 답변 내용은 법적효력이 없으므로  참고자료로 활용하시기 바랍니다
서울에 취업한 아들과 딸을 위해 집을 구해야합니다.직장은 강남구 봉은사역 인근이구요.오누이다보니 방이 2개이상이어야 합니다.강남구쪽은 너무 비쌀것같은데 서울 월세상황을 몰라 문의드려요.직장과는 최대 20분이내 거리이면서 주변환경이나 교통이 편리한 원룸이나 오피스텔에 대한 정보 부탁드립니다.원룸과 오피스텔의 차이와 여러 조언을 해주시면 감사하겠습니다	바보아저씨의 경제이야기    대은행 주택도시기금 대출 실무자 코엑스 근처내요 강남이네요 그런데 월세를 대체 왜 구하세요 전세대출 있잖아요  월세 노예살이 하면서   집주인 한테 학대 당하면서   보증금 걱정해야 하는 현실   국가가 전세금 막 퍼주고 있는데      ㅜㅜ                                                                                    주택도시기금 주택도시기금 소개  주택구입 내집마련디딤돌 등   전세자금  월세대출  국민주택채권  주택청약  신혼부부대출                                       내돈  억 정기예금 금리        국가  억 전세대출 금리       년에    만원 이득 연봉     만원전세대출 이론상  억 가능하구요 이자만      만원 내면 되구요   무소득자도          만원 가능합니다   전세금 은행    집주인    은행 와리가리 치고 끝원금상환 불필요 전세대출 나온지  국가에서 퍼준지  년도 넘었습니다  대체 어쩌라는 거에요    월세 피빨리는 건 당연하고  전세대출은 대체 왜 몰라요     왜 사람들이 지독하게 이렇게 모를까요    제가 이상해요   사람들이 이상해요     월세 노예 매트릭스 국가   대한민국   월세 피빨리는 헛똑똑이   바보아저씨   대 시절이 그랬습니다  누군가 꼭 그렇다는 건 아님  제발 저처럼 되고 나중에 후회하지 마세요         이론상 연봉    배 가능하다고 나옵니다  무소득자도          만원 가능합니다   은행가서 실한도 확인하고   내돈 확인 후그 이후에 계약하세요   한도 조금 달라집니다   은행원이 계약서 없으면 가심사 한도 안나온다고 하면 그럼 내가 전세대출 안되면    은행원 너님이 계약금 물어줄래요  이렇게 일갈 하시면 가심사 해줍니다  월세   반전세   올전세 다 대출 가능합니다  맞추시면 됩니다 고민끝 ㅂㅂ                     국가에서 복지로    등급 저신용자도  백수도 퍼주는게 전세대출임에도     월세 피빨리고 사는 건 당연하고  전세대출은 모르고  겁나서 물어봐야 하는 현실대한민국   월세 노예 매트릭스 공화국    바보아저씨의 경제이야기   오피스텔 월세 관리비 유의사항 자취   년 했습니다       수동입니다   채택 안하셔도 됩니다   오피스텔  원룸 구할 때 유의사항    년 자취 경험 노하우                               절대 월세 구하지 말기  국가전세금 이용해서 전세 반전세 구하기    차 있으면 호당 주차대수 확인하기   주차장 실외인지 실내인지 확인하기   바닥 동물 오줌냄새 확인하기   냉장고 노후되면 소음 발생합니다  확인   출입문 배터리 확인하세요   전등 확인하세요   보일러실 우풍 확인   벽간 소음  층간 소음 확인하세요    실제 관리비 수준 확인하세요오피스텔은 평균     만원  추가 여름 전기세  만원  추가 겨울 가스비   만원 나옵니다 관리비 폭탄 나와요  그리고 이사 가시면월세 피빨리지 마시구요 제발 국가에 전세금 신청하세요 복지로 막 퍼주고 있습니다                     제발 월세 피빨리지 마세요 제발요    바보아저씨의 경제이야기  억 전세  월이자   만원  꿈같은 복지대출 중소기업청년전세대출                         억 전세  월이자   만원  버팀목전세대출   무조건 받아 놓고 봐야 하는 이유                          억 전세  월이자   만원  꿈같은 복지대출 중소기업청년전세대출신혼부부전세  중소기업전세  버팀목전세대출  청년맞춤형전세대출  월  일신규  총정리편  실제  대은행 주택도시기금 실무 은행원의 글                          현실경제속 경제적 불평등의 실제 사례  가지  대 은행 시중은행원의 내부자 제보글  월세노예의 실체  전세 근저당  확정일자 계약서 잘 설명된 성지글                          바보아저씨의 경제이야기 본 답변은   위 경제베스트셀러  바보아저씨의 경제이야기  책   목차 중  취직하면 내돈 한푼없이  억 전세 구하는 방법  글 내용을 바탕으로 작성되었습니다   목차 중  자취   년 노하우 원룸 구할 때 유의사항  글 내용을 바탕으로 작성되었습니다   전세대출 상세 세부업무 까지 모두 질문응대 가능한 전세대출 포스팅의 원조   바보아저씨의 경제이야기  주택도시기금 대출 실무자                         바보아저씨의 경제이야기 하루 생활비 기준으로 뽑아보면요    월세  하루  만 원  월세   만 원    휴대폰비  하루      원  월  만 원    가스비  하루      원  월  만 원    인터넷  하루    원  월       원    관리비  하루      원  월       원 이상 기본 유틸리티로 하루       원 지출  아침    아침에 일어나 생수 한 컵           원 생수  병      원 최저가    샤워할 때 샴푸    원 샴푸  통  만 원     번 사용    출근할 때 두유    원 두유   개       원   출퇴근    출퇴근 지하철 왕복        원  저녁     김  봉지    원   개      원     쌀         원           원     고기           원 돼지  오리  냉동식품 등     계란  개    원   구      원     밥 먹고 생수 한 컵           원  간식     귤  개    원         원 시세     커피 믹스  개    원    밤에 자기 전 생수 한 컵           원총       원 지출 하루 생활비가       원이나 나옵니다   일로 곱하면        원입니다  숨만 쉬고 살아도 이 정도가 나옵니다 제가 말씀드리고 싶은 거는요 월세    전세로 전환을 무조건 하세요 국가에서 복지대출 만들어 놨는데  사회초년생이 정작 받아야 하는데안 받고 비싸게 월세를 삽니다  위에서 월세   만원         만원으로 줄이면월 생활비가   만원         만원으로 바로 내려갑니다    년해보세요    만원  년이면    만원 차이 납니다  무조건 사회초년생은   전세거주 하세요                   추가 상세 설명글은 아래 꼭 참고하세요    억 전세  월이자   만원  꿈같은 복지대출 중소기업청년전세대출                         억 전세  월이자   만원  버팀목전세대출   무조건 받아 놓고 봐야 하는 이유                          억 전세  월이자   만원  꿈같은 복지대출 중소기업청년전세대출신혼부부전세  중소기업전세  버팀목전세대출  청년맞춤형전세대출  월  일신규  총정리편  실제  대은행 주택도시기금 실무 은행원의 글                          현실경제속 경제적 불평등의 실제 사례  가지  대 은행 시중은행원의 내부자 제보글  월세노예의 실체  전세 근저당  확정일자 계약서 잘 설명된 성지글                          바보아저씨의 경제이야기 본 답변은   위 경제베스트셀러  바보아저씨의 경제이야기  책   목차 중  취직하면 내돈 한푼없이  억 전세 구하는 방법  글 내용을 바탕으로 작성되었습니다                        계약서 집주인   등기부등본 갑구 소유권자   예금주 실명  이체 직전까지 해보면 나와요  확인하시구요  계약서 확정일자   전입신고 확실하게 하시구요 잔금주기 전에 등기부등본 열어서 대출 근저당 변동사항 없는지 확인하고 건물 시세     해서집주인 대출   세입자 보증금 다 더해서     안넘어야 안전해요  아파트 오피스텔       원룸 다가구          상가         꼭 확인하고 계약하세요                   전세 근저당 계산 방법   전세 사기 당하지 않는 방법 실제 대출 은행원이 전세 근저당 안전한지 실무에서 계산하는 방법입니다                           갭투자  전세사기 예방하는 진리 성지글  현존 최고 인기 성지글   절대 광고 아님                             마지막으로   제가    재미있는거 하나 알려드릴까요  버팀목전세대출 중소기업전세대출은 버팀목 아류작  나온지   년 넘었어요 참 웃기죠  사람들이 모르고 있는 이유  대한민국   월세 노예로 살게 잘 짜여진 매트릭스 국가  바보아저씨의 경제이야기
서울 청년월세지원 오늘 당첨이 됫다고 카톡이 왔는대 무조건 신한은행껄로  하나 만들어야 되는지 그리고 제일 중요 한 건 제가 원랜 조만간 이사 갈 생각이 였는대 이사 가면은 지원을 못 받는 건지 궁금합니다.그리고 카톡에 지원금 지금 관련 약정체결, 신한은행 전용계좌 신규개설 및 월세 이체증 등록 협조요청 드립니다. 라고 있는대 월세 이체증 이런건 어떻게 해야되는지 자세히 알려주심 감사합니다.	무조건 신한은행 계좌를 개설해야 하는지  청년월세지원금은 신한은행 입출금 전용계좌로만 입금이 가능합니다  따라서 신한은행 계좌를 개설하셔야 합니다      조만간 이사 갈 생각인데 이사 가면은 지원을 못 받는 건지  서울시 청년월세지원 참여자 모집 공고문에 따르면 주소지 및 임대차계약 사항이 변경될 경우 반드시  변경신청  등록해야 합니다   서울 외 지역으로 전출할 경우 반드시 청년월세지원  중지신청  등록을 해야 합니다  따라서 서울 내 지역으로 이사를 가신다면 지원은 계속 받으실 수 있습니다      월세 이체증 발급 방법 월세 이체증은 월세를 냈다는 것을 증명하는 확인서입니다  해당 서류는 이용하시는 금융기관 홈페이지를 통해 발급받으실 수 있습니다     금융기관 홈페이지 접속   인증서 로그인   이체결과조회   월세 납부하신 기간의 조회기간 설정  집주인의 계좌번호 기입   거래 기록에 대한 이체확인증 출력   답변이 도움이 되셨길 바랍니다    집 구하기 관련 질문이 있다면 연락주세요                                                             가치가   홈  혼자 가기 어려운 발품 팔기  가치가
서울 청년 월세 지원을 알아보니 생애 1회만 된다던데 타지역(수원)에서 월세 지원을 한 차례 받은 경우에도 지원을 받지 못하나요?아님 서울에서 처음이면 괜찮은 건가요? 콜센터가 전화를 안받네유	서울 청년 월세 지원 생애 회 비공개채택률   마감률   서울 청년 월세 지원을 알아보니 생애  회만 된다던데 타지역 수원 에서 월세 지원을 한 차례 받은 경우에도 지원을 받지 못하나요 아님 서울에서 처음이면 괜찮은 건가요  콜센터가 전화를 안받네유     질문답변  타지역이면 또 신청 가능해요                   청년 월세 지원       청년 월세지원금 신청방법  서류  신청일      청년 월세 지원 청년 월세 지원사업       년부터 소득이 낮은 청년들에게 월세를 지원하는 청년 월세 지원 사업이 시행될 전망입니다  기획재정부 주재로 열린 제 차 재정사업평가위원회에서 조사가 완료된
5월달에 월세지원 신청을 했는데 결과가 합격이되면 신청일로부터 지원금이 나오는건가요 계약일(23.1월 입주) 기준인가요? 결과 나온 날부터 지급인가요?? 기다리다 이사갈것 같아요…	서울청년월세지원의 경우  지원금 지급일은 계약일을 기준으로 합니다  따라서   월에 월세지원을 신청하였다면  계약일   일 을 기준으로 월세지원이 이루어질 것입니다  결과가 합격이 되면  신청일로부터 지원금이 나오는 것이 아니라 계약일로부터 지급됩니다  따라서  결과가 나온 날부터 지급되는 것이 아니라 계약일 이후에 지원금이 지급될 예정입니다  이사를 갈 예정이라면  계약일 이후에 지원금을 받을 수 있도록 계약일을 고려하여 이사 일정을 조정하시면 좋을 것 같습니다
서울주거포털 홈페이지가 이상태로 아무리해도 멈추는데어떻게 해야할까요ㅜㅜㅜ 청구 등록을 해야지 지원금이 나오는데요ㅜㅜ	모바일에 다수가 접속을 하거나 몰리면 안되는 경우도있고 혹은 앱자체가   에 호환이안되는 경우도있으니 웬만하면 월세지원은   로 하시는게좋죠  대부분   에 최적화돼있으니까요
1월말에 신청하는걸로알았는데 공지가 안올라와서요ㅠ	년 서울월세지원  회차 신청언제하나요   월말에 신청하는걸로알았는데 공지가 안올라와서요      따로 또 신청을 하는 것이 아니라 이사를 하는 등 주소 이전이 된 경우가 아니라면 그대로 있으면 계속 지원을 해 주는 것이지요
현재 서울에서 월세 자취중인 대학생 입니다!계약상의 문제로 중도해지를하고 이사를계획중에 있는데이사를 가면서 평수를 넓히려고하는데 대학생이고 알바가 4대보험이 들어있지 않아서 무소득으로 월세 보증금 대출이 가능할지 궁금합니다!알아보니 청년버팀목대출이 있는데 이것 외에도 무소득으로 받을 수 있는 대출이나 청년버팀목 대출에 대해서 자세한 설명 부탁드려요ㅠㅠ(참고로 카톡은 심사해봤는데 기준에 부적합판단이 나왔어요..)	안녕하세요  대학생이신데 월세 자취중이신다니 정말 멋지세요  청년월세보증금대출에 대해서 궁금하시군요     먼저  청년월세보증금대출은 청년들이 월세 보증금을 대출로 지원받을 수 있는 프로그램입니다    이 대출은 무소득자에게도 가능한 대출 제품이며  대출금 이자는 정부에서 지원해주는 혜택도 받으실 수 있습니다     하지만  청년버팀목대출 외에도 무소득으로 받을 수 있는 대출에 대해서는 조금 더 구체적인 상황에 따라 다를 수 있습니다    대출 심사 기준은 여러 가지 요소를 고려하기 때문에  상담을 통해 자세한 내용을 확인하시는 것이 좋습니다     카톡에서는 심사 결과가 부적합으로 나왔다고 하셨는데  이 역시 각 기업의 심사 기준에 따라 달라질 수 있습니다   다른 대출 상품에 대해서도 자세한 설명을 드리기 어렵지만  대출 신청을 하시기 전에 다양한 은행이나 금융기관을 찾아보시고  자신에게 맞는 상품을 찾아보시는 것이 좋겠습니다     제가 도움이 되었는지 확신은 할 수 없지만  이정도로 답변을 드릴 수 있습니다   앞으로의 계획들이 순조롭게 진행되기를 기원합니다     그리고 재미있는 농담을 하나 알려드리자면  왜 물고기는 나쁘게 학교를 가는 걸까요   물 지 말라고 했으니까요  재미있으셨을까요  도움이 되었다면 제가 더 많은 도움을 드릴 수도 있으니 언제든지 질문해주세요  감사합니다    답변에 만족하셨다면 채택을 추가로 궁금하신점이 있으시다면 추가질문을 부탁드리겠습니다   감사합니다
청년월세지원하고 지금은 심사중으로뜨는데 발표전인7월25일까지계약서상만기라 1년정도연장하려고하는데 연장계약서를 7월25일전에 추가등록해야하는지?아님 묵시적갱신으로하려면 어떻게해야하는지 궁금해요	청년월세지원하고 지금은 심사중으로뜨는데 발표전인 월  일까지계약서상만기라  년정도연장하려고하는데 연장계약서를  월  일전에 추가등록해야하는지 아님 묵시적갱신으로하려면 어떻게해야하는지 궁금해요     그대로 두었다가 갱신재계약서를 첨부 해 달라고 할 때 첨부 해 주면 되겠지요
저랑 형이랑 서울에서 월세로 거주중인데부모님께서 월세는 대납해주십니다.이게 제 월급에서 월세 지불이 아닌 부모님 대납이면나중에 주택청약 신청시 문제가 발생하나요?	청약은 무관합니다  서울 거주 조건 갖추고 통장 조건 되면 청약 됩니다
지방에 살고 있고 다음달에 서울로 가려고 합니다.다음달에 올라가서 집을 구하고 청년월세 지원을 해도 자격이 되는건가요? 기준 보면 3개월 안에 월세 낸 서류를 내야되는거 같은데 알려주십쇼	청년월세지원은 서울시에서 제공하는 정책으로  서울시 내에서 청년들이 월세를 지원받을 수 있는 제도입니다  따라서  서울로 이사를 한 후에 집을 구하고 청년월세지원을 신청하실 수 있습니다  청년월세지원의 자격 요건 중 하나는 서울시 내에서 월세를 지원받을 주택을 계약한 후  개월 이내에 월세 납부 증빙서류를 제출하는 것입니다  따라서  서울로 이사를 한 후에 집을 구하고 월세를 지불한 후에 해당 서류를 제출하시면 자격이 되는 것입니다  자세한 내용은 서울시 청년월세지원 사무소나 관련 기관에 문의하시면 더 정확한 안내를 받으실 수 있습니다
뒤늦게 알앗는데 저거는 또 언제 모집하는 건가요..? 2022년에는 안하나요?	서울 월세지원 질문 비공개채택률   마감률   뒤늦게 알앗는데 저거는 또 언제 모집하는 건가요        년에는 안하나요          은 서울 전국 통합되서 나올거 같네요     출처                 청년 월세 지원       청년 월세지원금 신청방법  서류  신청일      청년 월세 지원 청년 월세 지원사업       년부터 소득이 낮은 청년들에게 월세를 지원하는 청년 월세 지원 사업이 시행될 전망입니다  기획재정부 주재로 열린 제 차 재정사업평가위원회에서 조사가 완료된
요즘 서울 평균 월세 가격이 얼마 정도 할까요? 대학교 때부터 살던 자취방 이번에 빼야 되어서 이사 가야 되는데 가격이 천차만별이더라고요… 기존 자취방 월세가 워낙에 저렴해서 이제 어떤 가격이 정상인지 모르겠어요…전세 대출 안 되어서 이번에도 월세 살아야 되는데 광진구나 성동구 평균 월세 얼마 정도 하나요?	방 크기마다 달라서 평균을 내긴 어렵네요  보통  인가구라고 하면            정도  월세는      까지 있고  저렴한곳은    정도에도 있으니 잘 찾아보셔야 해요  혹시 청년임대주택같은것도 있으니 자격된다면 참여해보세요   월세보다 훨씬 저렴한데 청년임대주택은 신청후 당첨이 되어야 합니다
이번에 서울 내 지역 오피스텔 계약을 하였습니다1000/75 정도의 오피스텔인데중개비가 34만원이 나왔다고 하였습니다계산이 어떻게 나오면 34만원 측정이 되었나요?가격이 이게 맞는지 궁금합니다	최대 중개보수     별도         원협의   상한요율
이번에 올라온 서울의 임대아파트 15평 18평 월세가  기본 30만원 내외를 호가하던데 제가 알기론 임대아파트 월세는 10만원 안팎으로 하는건줄 알았거든요초소형 평수만 그렇게 나오는건가요?	안녕하세요 임대아파트는 보증금을 올릴수록월세가 낮아집니다 즐하루되세요
서울 청년 월세 지원에 관심있습니다. 보증금은 3000이고요. 아직 소득이 없습니다. 알바로 소소하게 생활비 보태 쓰려고 하는데 4대보험이나 건강보험이 안 되는 곳으로 알바를 하게 되면 이건 신청 못 하나요? 그리고 대체로 몇 월에 신청을 받나요? 만약에 7개월 받고 제가 반전세에서 전세로 갈아 탈경우 어떻게 되는 지요? 정지를 하고 나머지 3개월은 나중에 받을 수 있나요?	질문사항에 대한 답변입니다  안녕하세요  서울생활 행복도우미    다산콜센터 지식파트너입니다     문의사항에 관한 답변은 하단과 같습니다           청년월세지원사업 중 소득요건 기준            가구당 기준중위소득      이하                 신청인이 속한 가구의 건강보험료 부과액    년  월 부터  월까지  개월 평균액 이    년 기준중위소득                     의 건강보험료 부과액을 충족해야 함                   신청인이 건강보험 피부양자 건강보험 상 부모 등의 세대원으로 등록 인 경우 주민등록이 분리되어                      있어도 부양자 부과액 기준                        예시  신청인 청년 이 아버지의 건강보험 피부양자로 등록되었으면 부양자인 아버지의 건강보험료                                   부과액이 기준임  인이고 직장가입자라면        원 이하면 신청 가능                    건강보험료 부과액 조회가 어려운 경우 별도의 소득 증빙자료를 요청할 수 있음          대체로 몇 월이라는 기준은 없습니다  년도마다 예산에 따라 신청기간이 달라질 수 있습니다      년 신청               기간은 하단과 같았으니 참고 부탁드립니다                 년 상반기 청년월세지원사업                 공고일       년  월   일                 신청기간       년  월  일          월   일       마감                  년 하반기 청년월세지원사업                 공고일       년  월   일                 신청기간       년  월   일    월   일          중지 후 나중에 받을 수 있는 사항은 없습니다  월세없는 전세이주 이사  등 자격요건이 되지 않을 시에는              지원 중지 및 지원금이 환수조치 될 수 있습니다  중지사유가 발생한다면 사유 발생 후부터  청년월세지원              중지 신청  등록해야 하는 것으로 확인됩니다    보다 자세한 사항은 청년월세지원사업 공고문을 확인하시거나 서울주거포털  서울청년월세지원 란     문의      온라인상담  또는 청년월세지원상담센터          번으로 유선문의 부탁드립니다     상기 자료는 서울시 기준으로 안내되는 내용으로  답변 드리는 시점에서 유효함을 안내드립니다   법령 개정 및 정책 변경에 따라 변경될 수 있습니다   더 궁금하신 사항은 다산콜센터 트위터                                      카카오톡에서      서울톡                                을 친구추가하시면 편리하게 이용하실 수 있습니다        생활속의 불편한 불법주정차  청소 등 민원은 서울스마트불편신고 앱                                         을 통해서도 접수 가능합니다      드린 답변이 궁금증 해소에 도움이 되셨기를 바라며  행복한 하루 보내시기 바랍니다
청량리로 대중교통30분내외로서울에서 원룸 월세 오피 월세 저렴한곳있나요?지방이라 잘몰라서요	청량리는 서울시 동대문구인데 동대문구가 땅값이 비싼동네예요 서울 화곡동 이쪽이 그나마 싸요  네이버부동산 월세로 알아보세요 증미역쪽에 오피스텔 많은데 그래도 다른지역보단 싼것같으니 참고하세요  그리고 이왕이면 자격요건이 된다면 월세보단 임대주택 가능한지 알아보세요 타지역도 신청가능한지 알아보고요 잘 알아보시고 이사 잘 하세요
안녕하세요. 서울에서 자취를 하려고 하는데요.현재 월세로 보증금 최대 3000에 월세 최대 45까지 생각중이에요.1. 위 금액으로 서울에 원룸이나 오피스텔 구할만한 지역이 2호선 라인으로 어디어디 있을까요?2. 신림이나 서울대입구역쪽으로 가면 저 금액으로 투룸도 가능할까요?3. 신림이랑 서울대입구역 평균 시세가 어떻게 되나요?원룸가 투룸 각각 보증금 월세 평균이 어떻게 되나요?4. 위 금액으로 지하철 상관없이 서울에서 살기 좋은 지역이 어디일까요?(주변에 번화가, 백화점, 관광지(?) 등 여유시간을 즐길수있는 곳이 였음 좋겠어요.5. 성북구는 별로인가요? 여기는 위 금액으로 집구하기 힘들까요? 6. 종로나 동대문과 가까운 지역으로는 자취하기 좋은곳이 어딜까요? 위금액으로 가능한 곳이요.7. 집계약에 있어 확인해야할것과 주의사항 좀 알려주세요!	관악구  원룸은  가능합니다  투룸은  어렵습니다  있긴  있지만  후집니다
서울청년월세지원에되서 통장만들고 납부내역 첨부했는데 18일까지 전부첨부했는데 지급예정금액이 0원으로 뜨는데 따로 연락온것도없는데 아직 심사중이라 그런건가요?	네 아직 심사중이라 그렇습니다
제 사촌형이 서울에서 사는데 월세가 75라고 하더라고요 평균적으로 75정도거 월세인가요?	다 다릅니다  집에따라 다르고 동네에따라다르고 평균이란거없습니다
서울에서 청년월세지원을 받고 있는데 몇개월동안 지원 해주나요어떤데는 12개월이고 어떤데는 10개월이라고 적혀있어서요..	월   만원 월세 지원  최대   개월      만원  입니다   서울시가 운영하는 홈페이지에서 확인할 수 있습니다                                                                                   청년월세 지원   주거비 지원   주 거   청년몽땅정보통 청년몽땅정보통 서울에 거주하는 청년의 주거비 부담완화와 주거수준 향상을위한 서울시의 청년주거복지사업입니다        년   월 공고문 기준입니다  참고용으로만 활용하시고 실제 지원하는 차수의 공고문을 꼭 다시 한 번 확인해 주세요  지원대상자 주거요건   신청일 기준 주민등록상 서울시에 거주 연령요건   신청일 기준 만  세 만  세 청년 소
직장이 성수역입니다 서울에서 자취를 하려고 하는데 성수역은 너무 비싼대 지하철로 삼십분 정도 까지 월세가장 싼 동네 있을까요?	천호동 지역은 조금 저렴하지 않을까요 아니면 강북 쪽 도봉동이나 우이동 쪽도 좀 저렴할 것 같아요
안녕하세요. 서울청년월세지원 올해 선정돼서 3,4월 지원금 40만원 받았는데요.5,6월 지원금은 언제 신청하는 건가요?	질문사항에 대한 답변입니다  안녕하세요  서울생활 행복도우미    다산콜센터 지식파트너입니다     월세지원금은 서울주거포털에서 월세를 납부한  개월 계좌이체증을 첨부하여 청구하면 격월로 신청인 계좌에     입금해드립니다           월 이체한 월세는  월에 지원금을 청구하는 것으로 확인되며  청구시기 도래시 지원대상자에게 알림톡          으로 청구안내 드릴 예정으로 확인됩니다    보다 자세한 사항은 서울주거포털 홈페이지를 확인하시거나 청년월세지원 상담센터                            번으로 유선문의 부탁드립니다     상기 자료는 서울시 기준으로 안내되는 내용으로  답변 드리는 시점에서 유효함을 안내드립니다   법령 개정 및 정책 변경에 따라 변경될 수 있습니다   더 궁금하신 사항은 다산콜센터 트위터                                      카카오톡에서      서울톡                                을 친구추가하시면 편리하게 이용하실 수 있습니다        생활속의 불편한 불법주정차  청소 등 민원은 서울스마트불편신고 앱                                          을 통해서도 접수 가능합니다      드린 답변이 궁금증 해소에 도움이 되셨기를 바라며  행복한 하루 보내시기 바랍니다
필수서류 중에 임대인한테 지금까지 월세를 보낸 이체내역이 필요하잖아요 근데 임대인의 계좌번호는 어느 내역을 봐도 안 나오는데 어떻게 하나요? ㅠㅠ 임대인성함, 월세금액, 날짜 다 나와있는데 계좌까지 나와있는 내역은 못 찾겠어요.. 예금거래실적증명서? 그것도 떼어봤는데 안 나와있네요 어떡하죠?	서울청년월세지원금 신청서류 중 임대인 계좌번호가 필요하다고 하셨는데  임대인의 계좌번호가 이체내역에 나오지 않는 경우도 있습니다  이 경우에는 예금거래실적증명서를 발급받아 제출하시면 됩니다  예금거래실적증명서를 발급받으시려면 해당 은행의 인터넷뱅킹이나 모바일뱅킹을 이용하시면 됩니다  자세한 내용은 아래 링크를 참고해주세요 청년월세지원금
안녕하세요 서울에 일자리를 하루라도 빨리 구해지면열심히 돈을 열심히 집을 마련하기전까지월세로 살아야 하는데 저렴한 가격으로 구할수 있는곳 있으면 소객부탁드려요	싼데는 많아요 문제는 싼값한다는거      근데 회사부터 정하고 거기에 맞춰서 근거리에 월세를 구햐는게 맞지 않을까요
이번에 이사하는데 법정 중개수수료가 몇퍼인가요??네이버 중개수수료 계산 앱? 에는 0.4로 기본계산되던데 다른 지식인에서는 0.5라고 하늩것같던데 어느게 맞는건가요??만약 그이상 달라하면 법에 걸리는건가요??이사지역은 서울이고 보증금 3천에 월세 32입니다	천   만원은        만 천원 부가세 별도 입니다
신청하면 심사를 거쳐 9월부터 지급이 가능하다고 하는데,그러면 9월에도 월세 소재지가 서울이어야 하는거죠?그리고 매월 계좌이체 영수증을 첨부해야 하는건가요??	안녕하세요  서울생활 행복도우미    다산콜센터 지식파트너입니다      서울 청년월세지원 사업 안내       서울시외 지역으로 전출 등 자격요건이 되지 않을 시에는 지원 중지 및 지원금이 환급조치 될 수 있습니다        전월 월세를 납부한 은행에서 발급한 계좌이체증 확인 후 매월 본인 명의 계좌에 입금하는 방식으로 지급       자세한 사항은 청년월세지원 상담센터                  번으로 문의 바랍니다     상기 자료는 서울시 기준으로 안내되는 내용으로  답변 드리는 시점에서 유효함을 안내드립니다   법령 개정 및 정책 변경에 따라 변경될 수 있습니다   더 궁금하신 사항은 다산콜센터 트위터                                     카카오톡에서  서울톡                                을 친구추가하시면 편리하게 이용하실 수 있습니다   생활속의 불편한 불법주정차  청소 등 민원은 서울스마트불편신고 앱                                    을 통해서도 접수 가능합니다 드린 답변이 궁금증 해소에 도움이 되셨기를 바라며  행복한 하루 보내시기 바랍니다
이제서야 이런 사업이 있다는걸 늦게 알았고....임대차계약서를 첨부해야 하는 상황에 내일인 8월 19일 18시까지 신청할 수 있는데 제가 현재 다른 지역에 와있어서 당장 계약서가 수중에 없거든요.... pdf, jpg, jpeg, gif ,png, zip 의 형태인 파일로 올려도 된다고 명시되어있는데 혹시 정말 급한대로 사진이라도 찍어서 첨부해도 될까요ㅠㅠㅠㅠㅠ ???답변 부탁드립니당..	네 사진찍어서 올려도 됩니다        서울시 청년 월세 지원사업 하반기 지원내용은 월   만원씩 최대   개월 동안총    만원 생애  회 의 월세를 지원합니다 지원대상  서울시에 거주하는 만   세   세 이하 청년  인가구  가구당 기준 중위소득      이하 가구  신청기간               화    시          목    시까지 신청방법은 서울주거포털에서 가능하며관련 내용은 하단 링크를 참고하세요                    서울시 청년월세지원  신청방법  신청기간  서류      서울 청년월세지원사업 서울시 청년 월세 지원   서울시가 서울에 거주중인 청년들의 주거비 부담 월세부담을 줄이고자 주거수준 향상을 위해       서울시  차 청년월세지원사업 을 모집합니다  서울시 청
전입신고는 했는데 확정일자를 안받아서요 .. 임대차계약서에 계약한 월세기간 써있고 집주인이랑 제 서명하고 도장있어요 확정일자를 이걸로 대신할수는 없을까요?	대신 이란건 없습니다   동 주민센터에서 확정일자 받은거로만 가능합니다                   서울시 청년월세지원  서울 청년 월세지원 조건 신청방법 서울시 청년 월세지원 서울 청년월세지원   월   일부터 서울시에서 서울시 청년월세지원을 시작합니다   서울 청년월세지원 이란  청년  인가구의 주거안정을 지원하고 공정한 출발선을 보장하기 위한 서울시의                                 서울시 청년월세지원 가장 명확한 안내입니다신청방법  자격조건 등 참고하심 좋겠습니다
서울청년월세지원 제출서류중에 가족관계증명서는 필수인가요??	안녕하세요  서울생활 행복도우미    다산콜센터 지식파트너입니다         년 서울시 청년월세지원사업은     년 사업과 다르게 구비서류에서 신용정보조회서  가족관계증명서     제출이 생략되었습니다         단  필요시 가족관계증명서 제출 요청 및 조회를 할 수 있습니다  예시   임대인이  부모 인지 별도 확인이          필요한 경우 등     상기 자료는 서울시 기준으로 안내되는 내용으로  답변 드리는 시점에서 유효함을 안내드립니다   법령 개정 및 정책 변경에 따라 변경될 수 있습니다   더 궁금하신 사항은 다산콜센터 트위터                                      카카오톡에서      서울톡                                을 친구추가하시면 편리하게 이용하실 수 있습니다        생활속의 불편한 불법주정차  청소 등 민원은 서울스마트불편신고 앱                                         을 통해서도 접수 가능합니다      드린 답변이 궁금증 해소에 도움이 되셨기를 바라며  행복한 하루 보내시기 바랍니다
청년월세지원금이 8/25에 들어왔습니다8월 월세를 이미 23일에 낸 상태인데 25일에 들어온 지원금은 다음달에 사용해야되는 건가요? 아님 요번달 금액이 들어온 건가요?	답변  첫 지급된 금액은  월 부터  월분이 들어온 것입니다                  서울시 청년 월세 지원금  차 추가 모집 자격조건 신청방법 서울시 청년 월세 지원금  차 추가 모집 자격조건 신청방법   서울시 거주 만   세이상   세이하 무주택 청년분들 주목해주세요  최대 월   만원씩   개월동안 지원하는 청년 월세 지원금  차 추가모집을 시작합니다   월  일 화요일 오전   시부터  월   일 월요일 오후  시까지 접수하며  총 모집 인원은      명입니다  빠르게 신청페이지로 이동할 수 있도록 아래 링크 남겨드리겠습니다  청년월세지원 신청하기 서울시 청년 월세 지원금이란  서울 청년의 주거비 부담 완화를 위해 진행하는 다양한 주거 정책 중 하나로 기존 지원기
서울 아파트 월세 얼마정도 받아야하나요?시세는 8억9억 전세는 5억 전후 로 받는거 같습니다월세는 지금 어느정도 받아야 할까요?보증금은 1억~1억5천 생각 하고 있어요.ㅡㅡㅡㅡㅡㅡㅡㅡㅡㅡㅡㅡㅡㅡㅡㅡㅡㅡㅡㅡㅡㅡㅡㅡㅡㅡㅡㅡㅡㅡㅡㅡㅡㅡㅡㅡㅡㅡㅡㅡㅡㅡㅡㅡㅡㅡ	보증금  억 정도이면 월세는    만원 입니다  억 월세    만원으로 그 정도에 맞추면 적합하다고 보여 집니다
안녕하세요,서울청년월세지원에 선정되었습니다.저는 12월에 계약만기로하고 중기청 전세대출을 받을 예정인데 중복적용은 안되는것 같아서 질문드립니다.1. 중기청 사업을 받으려면 월세지원을 절.대 하면 안되는건가요? 2. 만약 된다하면 언제부터 월세지원을 중단해야하나요? 예를들어 11월 , 12월 또는 중기청 신청시작 전!답변 감사드립니다.	질문사항에 대한 답변입니다  안녕하세요  서울생활 행복도우미    다산콜센터 지식파트너입니다        청년월세지원의 경우 정부의 공공 주거사업 관련 유사사업에 참여하고 있는 것으로 확인될 경우 지원 중지 및          지원금이 환급조치 될 수 있다고 확인됩니다  말씀하신 중소기업 취업청년 전월세보증금 대출을 받으실 예정          이라면 청년월세지원을 받고 있는 중에도 신청이 가능한지 중소기업청으로 문의해보셔야 합니다         청년월세지원은 안내해드렸듯이 정부의 공공 주거사업 관련 유사사업 참여가 확인될 경우 중지 및 환급이          될 수 있다고 확인되며  현재는 먼저 중지를 신청하는 사항은 확인되지 않지만 중소기업 취업청년 전월세          보증금 대출을 받는 날이 확인되면 그 전에 청년월세지원 상담센터                  번으로 중지요청          을 해주시면 된다고 답변을 받았습니다    보다 자세한 사항은 청년월세지원 상담센터                  번으로 문의 부탁드립니다     상기 자료는 서울시 기준으로 안내되는 내용으로  답변 드리는 시점에서 유효함을 안내드립니다   법령 개정 및 정책 변경에 따라 변경될 수 있습니다   더 궁금하신 사항은 다산콜센터 트위터                                      카카오톡에서      서울톡                                을 친구추가하시면 편리하게 이용하실 수 있습니다        생활속의 불편한 불법주정차  청소 등 민원은 서울스마트불편신고 앱                                         을 통해서도 접수 가능합니다      드린 답변이 궁금증 해소에 도움이 되셨기를 바라며  행복한 하루 보내시기 바랍니다
안녕하세요 서울사는 25살 청년입니다지방에서 올라와서 서울산지 3년정도 됐는데요알아보니까 생각보다 월세를 줄일수있는 정책이나 방법들이 많더라구요 ㅠㅠ... 전세자금대출 행복주택 등 간단한 설명들이랑 같이다양한 정보좀 알려주세요!	전세도 부동산에 전세대출 가능한 매물인지 물어보셔야 합니다안되는 매물도 있어서   행복주택은 청약통장이 있어야 합니다청약통장없으면 새로 하나 만드셔서 시작하세요
안녕하세요. 이번에 서울시 청년 월세 지원에 선점이 되가지고 6, 7, 8 월 치 월세 지원금을 수령하였습니다. 다음 월세 지원은 언제인지 알고 싶어서 질문 드려요 격월로 가는지 아니면 처음처럼 몇월 몇월 해서 한번에 접수를 받는지 궁금합니다.그리고 제가 12월달에 계약이 끝나서 잠시 본가인 경기도로 갔다가 1월 쯔음에 다시 서울에 이사를 올 생각인데 12월달에 계약이 끝나서 주소지를 경기도로 잠시 옮겨도 9월 10월 11월 12월에 냈었던 월세를 지원을 받을 수 있을까요?	안녕하세요  서울생활 행복도우미    다산콜센터 지식파트너입니다     서울 청년월세지원 사업       지급일   격월 계좌입금            신청인이    년  월부터    년  월까지 납부한 월세에 대해    년   월부터    년  월까지   개월간               격월   만원씩 지급됨            첫번째 청구시   월 에는  개월간  월 이후  신청인이 납부한 월세 계좌이체증을 첨부하여야 하며                이후 청구시에는 주소변경이 없을 경우 첨부물 없이 청구만 하면 지급됨        청년수당을 지급 받거나 기초생활수급  월세없는 전세이주 이사   서울시외 지역으로 전출 등 자격요건이 되지          않을 시에는 지원 중지 및 지원금이 환수조치 될 수 있음       지원중지 사유가 발생될 경우 반드시 청년월세지원  중지신청  등록            주택 소유            서울 외 지역으로 전출            국민기초생활수급자  서울시 청년수당수급자            공공임대주택 행복주택 등  거주  부모 합가 등   보다 자세한 사항은  서울주택도시공사 콜센터          번으로 유선 문의 부탁드립니다     상기 자료는 서울시 기준으로 안내되는 내용으로  답변 드리는 시점에서 유효함을 안내드립니다   법령 개정 및 정책 변경에 따라 변경될 수 있습니다   더 궁금하신 사항은 다산콜센터 트위터                                      카카오톡에서      서울톡                                을 친구추가하시면 편리하게 이용하실 수 있습니다        생활속의 불편한 불법주정차  청소 등 민원은 서울스마트불편신고 앱                                         을 통해서도 접수 가능합니다      드린 답변이 궁금증 해소에 도움이 되셨기를 바라며  행복한 하루 보내시기 바랍니다
보증금 못돌려 받을성 있나요?계약할때 집주인이 2명인꼴인데 1명만 와도 계약진행 문제 없을까요?..이 원룸방이 문제가 커보이나요?	우선 최근 빌라왕 사태로 심려가 크실텐데현재 보증금  천만원에 월세조건이라면큰 문제없습니다 가장 큰 문제는 경매로 집이 팔렸을때 보증금을 받느냐 못받느냐 인데현 상화은소액임차인 최우선변제 요건에 해당되어경매로 간다 하더라도임차인의 보증금은 우선적으로 변제를 해주기에 큰 문제는 없어보입니다
서울 청년월세 지원 사업이라는게 있느넫 날짜와 지원 금액좀 알려주세요.	내일 부터 월   만원 지원 입니다   서울 청년 월세 지원 사업 안내   신청기간           화        목   자격요건 신청일 기준 서울시 주민등록 실제 거주 만        세 이하 청년  인 가구  거주요건 임차보증금  천만원 이하 및 월세   만원 이하건물 월세 무주택자  소득요건 기준중위소득     이하              서울 청년월세지원 지원대상  지원내용  선정기준  신청기간 서울에서 매달  년간 월세를 최대   만원을 지원하는  청년 월세지원사업 을 알아볼게요  구체적으로 지원 대상은 어떻게되고  소득 재산과 선정기준이 어떻게 될까  서울 청년월세지원 서울에 거주하는 청년의
서울 공덕까지 출퇴근이 용이하되 서울 내 혹은 근교에 남쪽으로 위치한곳에서 가격이 많이 비싸지 않을 월세 방 얻으려면 어느 동네가 제일 괜찮을까요?	강서구 신정동이나 신월동쪽이 월세방이 저렴 합니다
1. 6,7,8월 월세 증빙서류 제출했는데 부모님 명의로 입금해도 상관없나요? 가족관계증명서 제출하거나 임의로 확인해볼 수 있다고 적혀있었는데 감감무소식이라 괜찮은건지 모르겠네요2. 지원금 지급일은 언제인가요 3. 9월부터 월세 이체한 증명서류는 어디로 제출해야하나요?	청년 월세 지원 경우는 해당 사이트에서 확인 가능합니다  사업개요   청년월세지원   청년 신혼부부 지원   주거 정책   서울주거포털               기다리면 문자 옵니다   필자 모두 수령한 경험담      지원 지급일은 필자 경험 기준   일 정도 입니다     첨부한 하이퍼링크로 접속해서 로그인 후 마이페이지   청년월세지원 현황 들어가면 첨부해서 업로드 해야 하는 화면이 있습니다  거기에 이체증 올리면 됩니다
청년월세지원금 관련하여, 월세 입금을 9월까지 부모님이 해주셨는데9월 입금을 부모님께서 입금해주셨다면 지원금을 받을 수 없나요?	여러가지 조건들이 있습니다  부모님이 월세를 지원해 주신거와는 무관합니다  일단 나이가 되는지 확인 해보시고 본인 자산 및 부모 형제 재산과 소득을 확인해보세요  월세지원에 부합하는 조건들을 아래글을 읽어보시고 따져보시기 바랍니다               국가지원사업  청년월세지원금 신청하고    만원 받자  코로나   엔데믹 이후 우리 청년들에게 남은 건 학자금 대출과 주거비 등 금전적 부담이 큰 것이 사실입니다  정부에서도 이를 하나의 문제로 여겨 청년월세특별지원을 한시적으로 진행하고 있습니다  만   세부터 만   세의 독립 청년 가구라면 월 최대   만원씩 최대   개월에 걸쳐 총    만원을 지원받습니다  하지만 그밖에 지원에 제한이 되는 경우도 있으니 눈 크게 뜨고 글을 읽어주시기 바랍니다  청년월세지원 배경 정부가 저소득 청년층의 생활 부담을 덜어주고자 부모로부터 독립하여 생활하고 있는 무주택 청년들에게 최대    만원 월
안녕하세요.23년 5월말에 2023년 서울 청년월세지원사업 신청하였는데요.한달이 되도록 아직도 심사중인데 원래 이런건가요?너무 진행이 느린 것 같은데..관련하여 아시는 내용이 있으면 말씀 좀 부탁드립니다.월세지원해준대놓고 막상 신청하니 너무 오래걸리는거 같아요 ㅜㅜ	안녕하세요  신청이 완료되셨다면 심사 과정이 약 한달정도 걸리는 것으로 알고 있습니다  업무가 몰려 심사일정이 좀 더 늦춰질 수 있으나해당 부서에 전화를 하셔서 문의하시면 좋을 것 같습니다  이런 질문하는거 공무원은 당연하게 생각하니까부담가지지 마시고 전화해보세요  도움되셨다면 답변 채택 부탁드립니다 감사합니다
이체확인증 제출시월세가 부모계좌에서 나가면 따로 내야할 서류가 있나요아니면 탈락인가요	안녕하세요  서울생활 행복도우미    다산콜센터 지식파트너입니다     서울시 청년월세지원 신청일 이후 월세는 신청인이 납부 계좌이체  하여야하나 이체증 납부자의 명의가 신청인과 다를 경우  월차임 납부 확인서 제출 가능합니다  단     월 이체증만 인정되며  월부터는 인정되지 않으니 참고 바랍니다        서울주거포털 홈페이지   주거정책   청년 신혼부부 지원   청년월세지원   자료실   월차임 납부 확인서          양식  바로가기                월 각 월마다 한장씩 작성하여 임대인에게 도장을 받아야 함 서명 불가  반드시 도장으로 받아야 함             부모님 명의 이체증  장    월  함께 첨부               월만 인정되며  월부터는 인정되지 않음       보다 더 자세한 사항은 서울주택도시공사 콜센터              청년월세지원 문의 로 문의 바랍니다     상기 자료는 서울시 기준으로 안내되는 내용으로  답변 드리는 시점에서 유효함을 안내드립니다   법령 개정 및 정책 변경에 따라 변경될 수 있습니다   더 궁금하신 사항은 다산콜센터 트위터                                     카카오톡에서  서울톡                                을 친구추가하시면 편리하게 이용하실 수 있습니다   생활속의 불편한 불법주정차  청소 등 민원은 서울스마트불편신고 앱                                    을 통해서도 접수 가능합니다 드린 답변이 궁금증 해소에 도움이 되셨기를 바라며  행복한 하루 보내시기 바랍니다
서울 청년월세지원금 지원할려는데요..1인가구입니다. 지원 필요 서류가 뭐뭐 준비해야하나요??..	안녕하세요  서울생활 행복도우미    다산콜센터 지식파트너입니다         년 하반기 청년월세지원 사업 제출서류 안내       확정일자 날인 된 임대차계약서 사본  부   임대차계약서상 다음 사항이 확인 가능하여야 함   임대인  임차인의 성명 및 생년월일  확정일자 또는 공인중개사 날인  임차주택소재지  임대차계약기간   임차보증금  월세금액 등       해당시 제출            주민등록상  만   세   세 이하인 형제자매 및 동거인 청년 이 있는 경우   주민등록등본    상기 자료는 서울시 기준으로 안내되는 내용으로  답변 드리는 시점에서 유효함을 안내드립니다   법령 개정 및 정책 변경에 따라 변경될 수 있습니다   더 궁금하신 사항은 다산콜센터 트위터                                      카카오톡에서  서울톡                                을 친구추가하시면 편리하게 이용하실 수 있습니다   생활속의 불편한 불법주정차  청소 등 민원은 서울스마트불편신고 앱                                    을 통해서도 접수 가능합니다 드린 답변이 궁금증 해소에 도움이 되셨기를 바라며  행복한 하루 보내시기 바랍니다
아직은 아니지만 앞으로 제가 대학교 졸업하면 서울로 올라가서 직장을다닐예정인데요보통 전세로 올라가거나 월세로 올라갈텐데 대부분사람들이 전세를 추천하고전세대출을 받으라고 하더라고요 그런데아직 그 회사에 정확히 오래 근무할지도 의문인데 무작정 초년생이 큰금액을 대출하고전세계약을 하고 사회에 첫시작을하는게맞을까요 ? 아니면 조그만한 금액만으로 월세로 시작하는게 맞을까요 정말 고민입니다 ㅠㅠ혹시 청년대출중에 추천할만한 상품이있다면 추천도부탁드립니다 ㅠ	아직 그 회사에 정확히 오래 근무할지도 의문인데 무작정 초년생이 큰금액을 대출하고 전세계약을 하고 사회에 첫시작을하는게맞을까요   아니면 조그만한 금액만으로 월세로 시작하는게 맞을까요 정말 고민입니다 ㅠ혹시 청년대출중에 추천할만한 상품이있다면 추천도부탁드립니다       그러지요  전세  월세의 구분은 사회 초년생 여부가 아니라 지금은 저금리 시대에서 살고 있으므로 가능하면 전세로 사는 것이 유리하고 이익이라는 것이지요  물론 매월 급여를 받으면서 나름의 현금흐름을 유지할 수 있다면 보증금     정도로 하여 월세      만원 정도의 원룸에서 시작을 해도 문제는 없겟지요  그러다가 사회의 경험도 생기게 되면 전세로 나가가는 것도 되겟지요  다만 전세상품으로 유리한 것은 중기청자금 버팀목 전세대출  카뱅청년 전월세대출    전세임대 주택 정도를 관심 가져 보시면 되겟지요
보증금 3000만원에 월세 30되는 데 있을까요????요새 너무 월세 높던데...	서울에서 보증금     만원에 월세   만원은 쉽게 찾기 어렵습니다  보증금이 낮을수록 월세가 높아지는 경향이 있으며  현재 서울의 월세는 전반적으로 높은 편입니다  하지만 일부 지역이나 주거 형태에 따라서는 가능성이 있을 수 있습니다  부동산 중개업소나 온라인 부동산 중개 플랫폼을 참고해보시면 좋을 것 같습니다
지원 7월부터 받았어서 청구하려고 하니까 빈칸밖에 없는데 이거 어떻게 해야하죠....기간은 6월 9일 마감 예정이라고 문자 왔었습니다	지원  월부터 받았어서 청구하려고 하니까 빈칸밖에 없는데 이거 어떻게 해야하죠    기간은  월  일 마감 예정이라고 문자 왔었습니다      시간이 늦기 전에 서울시 복지 담당관에게 전화를 하여 사스템적인 문제인지  문제라면 응급 조치 하는 방법이나 직접 찾아서 신청하는 방법을 모색해야겟지요
관악구나 서대문구 쪽에 월세로 살고 싶은데 한 천만원? 정도 가지고 내려오면 서울 살기 문제 없을까요? 아님 조금 더 필요할까요?	질문에 답변드리겟습니다  상기 질문요지를 고려할 때 월세 시세에 대한 질문으로 보입니다  대략적인 시세는 지역  즉 교통여건 및 건물상태에 따라 상이할 수 있지만 보증금      만원이라면 월세      만원 정도 원룸은 많이 있는 편이라고 할 수 있습니다
월세지원이 3월분까지 나오는데 4월말에 지급받게됩니다그럼 청년수당 신청시작일이 작년과 비슷하게 3월에 나온다치면 두개가 중복돼서 청년수당은 못받나요?안되면 3월까지 안되는건지, 4월까지 안되는건지 궁금합니다 4월에 신청시작하면 되려나요?	중복은 안 될 듯 합니다   청년월세지원대상     만   세   세의 부모님과 따로 거주하는 청년   월세   만원 및 보증금     만원 이하 주택에 거주 중인 무주택 청년   기혼자 혹은 미혼자 모두 신청 가능   소득 및 재산 기준액   소득이 기준 중위소득     이하이면서  원가구 소득이 중위소득      이하인 청년을 지원합니다  개인별  가구별 재산기준도 있으니 꼭 확인하시기바랍니다    신청방법   지자체별 홈페이지   신청가능한 지자체와 아주 상세한 소득 및 재산기준도 알아보세요                                                            년 대학생 월세지원 청년 월세 한시 특별지원사업 서울시  경기도  대구  부산 등 지역별  매달 꼬박꼬박 나가는 월세가 부담이시지요  이 글을 보면 본인이 최대    만원 월 최대   만원 까지  최대  년 동안 나라에서 매달 공짜로 지원받을 수 있는지 알 수 있습니다  서울시  경기도  대구  부산  인천 등 각 지역별로 청년월세지원 신청이 가능합니다  신청하기 전에 반드시 지원대상 확인이 이뤄져야합니다  청년월세지원 자가진단 자가진단   청년월세지원 지원대상    만   세   세의 부모님과 따로 거주하는 청년    월세   만원 및 보증금     만원 이하 주택에 거주 중인 무주택 청년    기혼자 혹은 미혼자 모두
제가 월세 전세를 잘 몰라서 그러는데 월세면 1년에 한번씩 돈을 내는건가요 아니면 한달에 한번씩 돈을 내는건가요..? 전세면 몇년 쓸거다를 논의해서 거기에 맞는 돈을 내는건가요…?	월세는 월에 한번 내는겁니다 전세는 월에 한번 내는게 아니라 보통  년단위로 계약해서 한번에 보증금을 크게 주고 월세 없이 사시는겁니다
서울 청년 월세 지원올해 3월에 했다는데 일년에 신청자를 한번만 뽑나요..?올해에는 또 공고문이 안뜨겠죠.:? 내년을 기다려야하나여 ㅠㅠ	안녕하세요  서울생활 행복도우미    다산콜센터 지식파트너입니다     서울 청년월세지원 사업 안내        차 모집신청 공고는     년 연초에 시행할 예정입니다              참고      년  차      년  차       단  신청 자격 요건이 다소 변경될 수도 있습니다     상기 자료는 서울시 기준으로 안내되는 내용으로  답변 드리는 시점에서 유효함을 안내드립니다   법령 개정 및 정책 변경에 따라 변경될 수 있습니다   더 궁금하신 사항은 다산콜센터 트위터                                     카카오톡에서  서울톡                                을 친구추가하시면 편리하게 이용하실 수 있습니다   생활속의 불편한 불법주정차  청소 등 민원은 서울스마트불편신고 앱                                    을 통해서도 접수 가능합니다 드린 답변이 궁금증 해소에 도움이 되셨기를 바라며  행복한 하루 보내시기 바랍니다
저는 월세가 월 60만원만 안 넘으면 되는줄 알았는데....개인 소득이 월 116만원(1인가구)...? 그 기준을 넘어도 안 된다는 거죠..? 그럼 웬만한 직장인은 못 받는거네요.....	서울 청년월세지원비공개채택률   마감률   저는 월세가 월   만원만 안 넘으면 되는줄 알았는데    개인 소득이 월    만원  인가구      그 기준을 넘어도 안 된다는 거죠    그럼 웬만한 직장인은 못 받는거네요         질문답변  기준은 무조건 맞아야해요     년 청년월세지원 사업이  월   일 부터 시작됩니다     지원대상  만  세부터   세까지 부모와 따로 거주하는 무주택 청년   소득요건  청년가구 중위소득    이하와 원가구 부모 청년  중위소득     이하   신청      일부터  년간 복지로 누리집과 어플리케이션으로 신청 가능  청년월세 특별지원의 지원대상 및 구체적인 지원요건은 다음과 같다       지원 대상 요건    연령요건  만     세에 해당하는 청년으로서 만     세가 되는 해의  월  일부터 신청하여 지원받을 수 있다   예           출생자는          만  세가 되나      월 중에도 신청 가능           출생자는          만  세가 되나          부터 신청 가능  거주요건  부모와 별도 거주하는 무주택자로서 보증금  천만원 이하  월세   만원 이하인 주택에 거주해야 한다  보증금이  천만원을 초과하면 월세 지원을 받을 수 없지만 월세가   만원을 초과하는 경우에는  월세와 보증금의 월세환산액을 합한 금액이   만원 이하  인 경우까지는 지원한다   예  보증금  천만원  월세   만원인 주택에 거주   보증금의 월세환산액 약  만원    천만원            개월 과 월세 합계가 약   만원이므로 지원 가능  소득 재산요건  청년가구 뿐만 아니라 청년과 부모를 포함한 원가구의 소득 및 재산이 모두 일정 기준을 충족해야 월세지원을 받을 수 있다   청년가구는 청년 본인과 배우자  자녀를 말하며  본인과 배우자의 부모  형제자매 등 다른 가족 이 청년과 함께 거주하는 경우에는 해당 가족도 청년가구에 포함 된다  반면  원가구는 청년가구와 부모만을 포함한다     본인  배우자  아들 딸 직계비속    청년가구 포함    본인 배우자의 부모 직계존속  및 형제자매   함께 거주하는 경우 청년가구에 포함    근거자료 링크 출처표기                     년 서울시 청년월세지원 사업  신청방법  서류  심사기간      서울시 청년월세지원 청년들의 주거 안정을 위한      서울 청년월세   만원 지원금   서울시 청년월세지원 사업은 청년들이  주거 고민 없이 즐거운 미래 를 꿈꿀 수 있도록  청년월세 를 지원하는 사업 입
이번 서울 청년월세지원 추경안을 보고 궁금한 점이 있어서 질문드립니다.1. 이번에 추경안이 통과된다면 올해안에 시행하는 것이 맞나요?2. 3월달에 시행된 자격조건에 보면 월세 60만원 이하인데 현재 월세 60에 관리비 2만원인데 혹시 위에 조건이 관리비 포함인가요?정확한 답변 부탁드립니다. 감사합니다	이번에 추경안이 통과된다면 올해안에 시행하는 것이 맞나요      그러지요  추경안이라면 작년에 세워 둔 예산으로는 해결이 안 되기 때문에 당해 년도에 집행 할 예산을추가로 만드는 것이니까요      월달에 시행된 자격조건에 보면 월세   만원 이하인데 현재 월세   에 관리비  만원인데 혹시 위에 조건이 관리비 포함인가요      월세에 관리비는 포함이 되지 않으므로   만원에 합당한 것이지요
16일부터 신청가능한 서울 청년월세지원 관련해서 메일이 왔는데 자격 조건이 월세 60만원 이하더라구요 지금 월 62만원 내면서 살고 있는데 못 받는 건가요? ㅜㅜ	안녕하세요  서울생활 행복도우미    다산콜센터 지식파트너입니다         년 서울 청년 월세지원 사업의 신청 자격기준은 공고일 기준 공고 예정일       서울시에 거주하는 만   세   세 이하 청년  인 가구로 임차보증금  억원 이하이면서 월세   만원 이하 민간 건물에 거주하는 무주택자이면 신청 가능합니다  즉 거주요건 중 월세   만원 이하 조건에 충족되지 않아 신청이 불가합니다         소득요건   신청인이 피부양자 부모 등의 세대원으로 소속 이면 부양자 부과액을 기준으로 가구당 기준중위소     득      이하            신청인이 속한 가구의 건강보험료 부과액은 국민건강보험공단에 일괄조회 의뢰할 예정입니다        추가 세부 문의의 경우 서울시 청년월세지원센터                  로 문의 부탁드립니다     상기 자료는 서울시 기준으로 안내되는 내용으로  답변 드리는 시점에서 유효함을 안내드립니다   법령 개정 및 정책 변경에 따라 변경될 수 있습니다   더 궁금하신 사항은 다산콜센터 트위터                                           카카오톡에서  서울톡                                을 친구추가하시면 편리하게 이용하실 수 있습니다        생활 속의 불편한 불법주정차  청소 등 민원은 서울스마트불편신고 앱                                          을 통해서도 접수 가능합니다      드린 답변이 궁금증 해소에 도움이 되셨기를 바라며  행복한 하루 보내시기 바랍니다
월급 117만원 미만만 받을 수 있다고 되어있는데 도중에 취업해서 월급이 117만원을 초과하면 지원이 중단되나요?그럼 그 뒤로 다시는 월세지원 신청할 수 없는건가요? 아님 중단하고 재개할 수 있나요? 3달 인턴으로 일할거라 여쭤봅니다	서울청년월세지원은 월세를 지원하는 제도입니다  월세 지원을 받으려면 월급    만원 미만이어야 합니다  취업하여 월급이    만원을 초과하면 지원이 중단됩니다  지원이 중단된 후에는 다시 신청할 수 있습니다  그러나  달 인턴의 경우  인턴 기간 동안은 지원을 중단하지 않고 받을 수 있습니다  인턴 기간이 끝나면 월급이    만원을 초과하면 지원이 중단됩니다       현재 저는 주식일대일공부와 주식종목추천도 진행하고 있습니다 제 프로필 클릭후   수익률블로그   클릭하시면 관련 정보를 얻으실 수 있습니다  또는  네이버에   크리스찬주식투자   검색하시면 블로그도 확인하실 수 있습니다
안녕하세요제가 지금 서울에 월세를 살고있는데동탄에 전세 계약을 해서 나가려고 합니다.근데 지금 살고있는 서울 월세가 계약기간이 끝나지 않아서 제가 직접 부동산에 내놓는 상태구요.만약 전세입주전까지 월세가 안나가면 어떻게 되는거에요??약 한달정도 남아있습니다.보증금으로 전세자금 내는건 아니여도 무슨 문제가 있을까봐요소유권?? 임대권?? 이런 문제가 있는걸로 알고있습니다..	질문에 답변드리겟습니다    임대차계약기간 중에 월세 계약을 해지하는 경우 가급적 새로운 임차인이 입주할 때 까지 기다리는 수 밖에 없습니다    그러나 임차주택  군데 대항력을 유지하기 위해서는 가족 중 일부라도 전입신고를 먼저하거나 아니면 현 주거지에 남겨 두어야 합니다
청년 월세지원 1~4구간으로 나눠서 당첨자 뽑아서 주는데결과가 오늘 나왔는데 추첨대상자가 3만명 이하에 1,2구간은 티오보다 지원자가 적더라구요그럼 남는 자리만큼 3,4구간한테 주나요??작년에는 어떻게 줬는지 아시는분 있을까요	서울 청년 월세지원 내공   비공개채택률   마감률   청년 월세지원    구간으로 나눠서 당첨자 뽑아서 주는데 결과가 오늘 나왔는데 추첨대상자가  만명 이하에    구간은 티오보다 지원자가 적더라구요그럼 남는 자리만큼    구간한테 주나요  작년에는 어떻게 줬는지 아시는분 있을까요    질문답변  남은 자리     구간으로 갑니다 거기서 랜덤인거쥬    근거자료 링크 출처표기                     년 서울시 청년월세지원 사업  신청방법  서류  심사기간      서울시 청년월세지원 청년들의 주거 안정을 위한      서울 청년월세   만원 지원금   서울시 청년월세지원 사업은 청년들이  주거 고민 없이 즐거운 미래 를 꿈꿀 수 있도록  청년월세 를 지원하는 사업 입
ㅠㅠ 부탁드립니다	서울에 이정도 월세는 엄청 외진 곳에 반지층가격일 것 같은데  요즘 반지층도   중반은 돼서요ㅜ 차라리 룸메 구하셔서 월세를 반으로 내시는건 어떤지  제가 싼 월세방 구할 때 나오는 지역은 봉천동 신림동 대림동뿐이었는데 그쪽에는 중국인 조선족들이 너무 많아서 많이 위험해보였어요  대림동인가 거기는 예전에 칼부림도 났었구요
단기 월세 얼마전서울에서원룸 단기월세3개월을계약했습니다보증금100만원에 월80만원인데 단기라서3개월치를미리내야한다고하네요,그것까지도괜찮은데,보증금도월세도부동산중개사한테보내고 중개사분이건물주한테보내는방식이라는데부동산중개인한테 보증금과월세를보내도될까요?	안녕하세요  그렇게 부동산에서 관리하는 곳들이 있습니다 그러나 계약시 임대인에게 직접 확인이 필요합니다 확인하지 않으면 문제가 될 수 있습니다  좋은 날 이루세요
원룸이 아니라 고시원에 산다면어지간한 직장근처에 다 살수 있나요?	네  가능
서울에서 자취중입니다.  1.5억 전세 원룸에 살고있는데 전세가 그대로 목적물변경으로 이사하는게 좋을까요월세로 전환하여 5000/70정도로 지출하는게 나을까요?요즘 전세가 위험하다고 해서요살던집에 더 사는게 가장 좋을까요?	어 음   월세가 너무 부담 되지 않을까요 여건이 되고 지금 집이 괜찮다면 그냥 그대로 사시는 게 낫지 않나 싶어요
서울에서 월세 원룸으로외국인 대상 숙박 에어비앤비,내국인 대상 공간대여 하면불법인가요?공간대여 시 불법여부가 궁금합니다.	네  우리나라에서 하는 에어비엔비 공간대여는 모두 불법이라고 옆에 계신 변호사 분이 말하십니다 단지 잡지 않는 것 뿐이라네요
현재 저의 직장은 평택입니다거주지도 평택이구요그런데 제가 3개월뒤 서울로 이사를 가게되는데가서 월세를 구할꺼거든요제가 궁금한것은1. 새로이사가게될 서울 월세집에 전입신고 와 동시에 평택 지인집에 제가 세대원으로 들어가는것이 가능할까요?직장•은행혜택등 때문에 사는곳이 평택이여야해서ㅜㅜ	질문에 답변드리겟습니다    새로이사가게될 서울 월세집에 전입신고 와 동시에 평택 지인집에 제가 세대원으로 들어가는것이 가능할까요 직장 은행혜택등 때문에 사는곳이 평택이여야해서ㅜㅜ    불가합니다  주민등록법상 주소지는 한 곳 만 가능합니다
안녕하세요. 서울에서 자취하는데 월세가 부담되어 서울청년 월세 지원에 대해 알아보고 있는데요,1. 조건에 월세 60만원 이하까지 가능하다고 써 있는데 저는 월세는 57만원이지만 오피스텔이라 관리비 포함해서 매달 75만원 정도 이체하는데 신청 조건이 되는 건가요?2. 현재 사이트에 들어가면 신청하는 곳이 안 보이는데 2022년은 아직 신청 기간이 아닌 건가요?감사합니다	관리비는 월세 내역에 포함하지 않습니다
서울로 곧 독립을 할예정입니다.보증금과 월세금액은 그냥 최하위권이라 보시면되고언제쯤 신청가능할까요?신청한다면 필수서류는 뭐가있을까요?	가장 정확하게 답변 드릴게요     년 청년 월세 지원은 내년  월부터 신청과 지급이 개시됩니다  정부는     년  월까지  년 동안 월세 지원 신청을 받고 신청자 별로 신청 시점부터   개월 안에 지급을 완료할 계획입니다  청년 월세 지원 신청방법    년 청년 월세 지원 신청 홈페이지는 아직 개설 전이며  서울시  경기도  인천  부산  울산  대전  대구 등 각 지자체 청년 월세 지원 사업은 하단 홈페이지를 통해 확인하실 수 있습니다  기타 궁금하신 내용은 아래 공고문 댓글 등을 통해 남겨주시면 추가 답변드리겠습니다                청년 월세 지원       청년 월세지원금 신청방법  서류  신청일      청년 월세 지원 청년 월세 지원사업       년부터 소득이 낮은 청년들에게 월세를 지원하는 청년 월세 지원 사업이 시행될 전망입니다  기획재정부 주재로 열린 제 차 재정사업평가위원회에서 조사가 완료된
월세 내는 카드가 따로 있는데 서울청년월세지원받는 20만원을 월세로만 사용해야 하나요?    다른 사용처에 사용해도 되나요?	다르 사용처에 사용하게 되시면 다시 혜택을 반환해야 하빈다 기존에 월세를 내고 있는 카드가 혜택을 받는 카드가 아니라면 반드시 월세카드 사용하셔야 합니다 요건을 지키셔야 뒷 탈 없이 이용하실 수 있습니다                    년 주거급여 월세지원금  조건  대상  자주하는 질문 안녕하세요 라이프 랩스입니다  서울로 출퇴근을 하거나 학교를 다니게 되면 직장이나 학교 거리가 멀어서 자취를 하는 것을 고민하기 마련입니다  물론 서울에 사는 분들이라면  시간  시간   분 거리면 대부분
안녕하세요. 청년월세특별지원 청년가구(1인가구)소득 기준이 60%라고 하는데 계산해보면116만원이더라구요, 월급이 그 이상이면지원을 못하는 걸까요?	네  그렇습니다  하지만 원가구 기준 소득도 고려해보세요  가능하실수 있습니다  또한 청년월세지원외에도 다른 전월세 지원들이 있으니 참고해보시기 바랍니다                청년전월세 보증금 지원 한눈에 보기 사회초년생이신가요  집 구하기 답답히죠  저도 사회초년생때 집값때문에 머리가 아팠던 적이 한두번이 아닙니다  저와 같은 시기를 보내고 있을 청년들을 위해 집값 걱정을 더는 똑똑한 방법을 공유하려고 합니다  많은 분들에게 도움이 되기를 바랍니다  요즘에는 예전과 다르게 청년을 위한 대출이나 정부 지원금이 많습니다  문제는 종류가 너무 많아서 어떤 것이 정말 득이 되는지 알수가 없다는 것입니다  제가 직접 찾아보면서 비교해 좋았던 몇 개만 추려서 가르쳐 드리겠습니다  목차    청년월세지원금    카카오뱅크 청년 전월세보증금대출
서울 오피스텔 월세랑 보증금 보통 얼마정도 드나요? 그리고 계약 기간은 보통 몇달 정도로 하는 지 알려주세요	서울 오피스텔 월세랑 보증금 보통 얼마정도 드나요  그리고 계약 기간은 보통 몇달 정도로 하는 지 알려주세요     지역에 따라 편차는 있겠지만         만원 정도면 가능하갰지요
맨 처음 신청할 때 관리비를 11만원으로 잘못 적어서 10만원으로 변경 신청을 했고, 2022년 9월 20일 오후 1시 20분에 수정이 완료되었습니다. (변경 신청은 9월 12일에 신청) 콜센터로 문의하니까 1회차 지원에는 입급자가 달라도 상관없고, 메모란에 부모님이 대신 이체하신 내용을 작성하면 이상없이 지원 받을 수 있다하여, 송금내역서를 등록하였습니다. 송금 내역서에는 송금 정보(송금 계좌, 예금주) 및 입금 정보(입금 계좌 및 예금주, 임대인과 동일), 그리고 송금액이 모두 나와있습니다.청년월세지원 사이트에는 지급(예정)액이 0원으로 표기됩니다.0원으로 표기되어도 아무 이상 없이 지원금을 받을 수 있을까요?임차금액은 월세 34만원+관리비 10만원이며 [지급현황] 페이지에 등록된 임차료 이체금액은 440000원입니다.처음에 청구 등록했다가, 오기입된 정보가 있어 정보 변경 신청 후 다시 송금내역서를 등록했는데 이상 없이 지원금을 수령할 수 있을까요?아무리 찾아봐도 관련 답변이 없어서 문의합니다.	질문사항에 대한 답변입니다  안녕하세요  서울생활 행복도우미    다산콜센터 지식파트너입니다     안타깝게도 문의하신 사항은 신청인의 정보 등 확인이 필요한 부분으로    다산콜센터에서는 답변이 어렵     습니다  번거로우시겠지만 청년월세를 담당하고 있는 서울주택도시공사 콜센터          번으로 유선 문의     부탁드립니다      상기 자료는 서울시 기준으로 안내되는 내용으로  답변 드리는 시점에서 유효함을 안내드립니다   법령 개정 및 정책 변경에 따라 변경될 수 있습니다   더 궁금하신 사항은 다산콜센터 트위터                                      카카오톡에서      서울톡                                을 친구추가하시면 편리하게 이용하실 수 있습니다        생활속의 불편한 불법주정차  청소 등 민원은 서울스마트불편신고 앱                                          을 통해서도 접수 가능합니다      드린 답변이 궁금증 해소에 도움이 되셨기를 바라며  행복한 하루 보내시기 바랍니다
안녕하세요 서울청년월세지원 신청하는 중입니다. 부모님이 어릴때 이혼을 하셔서 두 분중 한쪽만 적은 상황이고이런 경우 가족관계증명서를 내게끔 되어있는데요 가족관계증명서에 이혼 표시가 안되어있는데심사 시 앞뒤가 안 맞아보여 불이익 있을까요?	서울 청년월세지원금 이혼가정인데 가족관계증명서    내공  비공개채택률   마감률    안녕하세요 서울청년월세지원 신청하는 중입니다   부모님이 어릴때 이혼을 하셔서 두 분중 한쪽만 적은 상황이고이런 경우 가족관계증명서를 내게끔 되어있는데요 가족관계증명서에 이혼 표시가 안되어있는데심사 시 앞뒤가 안 맞아보여 불이익 있을까요      질문답변  부모가 이혼해도 원래 자녀 기준으로 부모는 지워지지 않습니다 영원히    출처 링크 안내문자료                     년 서울시 청년월세지원 사업  신청방법  서류  심사기간      서울시 청년월세지원 청년들의 주거 안정을 위한      서울 청년월세   만원 지원금   서울시 청년월세지원 사업은 청년들이  주거 고민 없이 즐거운 미래 를 꿈꿀 수 있도록  청년월세 를 지원하는 사업 입
12월 1월 월세입금내역 청구는.따로안하는건가요?따로청구하는창이나 연락이안와서요	월  월 월세입금내역 청구는 따로안하는건가요  따로청구하는창이나 연락이안와서요      신청하라는 고지가 뜨면 이체내역서 등을 제출해야겠지요 서울은              개월 등으로 지원을 한다고 공지를 했었지요
지원받을 수 있는 개월수 남아있어도 신청 불가능 한거죠? 아니면 경기도 월세지원으로 다시 신청 할 수도 있나요?	네 다시 신청하시면 됩니다   이외에도 많은 청년지원사업이 있습니다  국가지원사업이깨문에 예산이 정해져 있어서 선착순 지원 마감입니다  바로 신청하셔야 손해 보지 않을 수 있습니다                                            청년지원금 총정리 청년지원금을 정부에서 지원해주고 있습니다  만   세 이하 청년들이 꿈을 이루기 위해 필요한 자금을 은행이 아닌 정부지원사업으로 받아보시기 바랍니다  단  정부지원사업이기때문에 예산이 정해져있습니다  선착순 마감이기때문에 지금 바로 지원해보시는 건 어떨까요
1. 서울청년월세지원은 한 번 신청하면 계속 돈이 들어오는건가요 아니면 신청을 따로 계속 해야되는건가요?2. 제가 여태까지 어머니 카드로 결제를 했는데 신청을 하면 앞으로는 제 계좌로 집 주인분께 돈을 이체해야되는건가요? 아니면 계속 그냥 어머니 카드로 결제해도 되는건가요?	한도가 있습니다  최대   개월     만원 입니다 복지로 인지 서울시 인지 정확히 모르겠지만 아래 사이트에 보시면 두군데 정보 다 나와있으니 참조하시면 됩니다               복지로 청년월세 지원제도 안내 총정리 지난  여 년간의 코로나로 인해 팍팍해진 삶으로 정부에서도 청년들을 위한 여러 지원제도를 마련했는데요  오늘은 정부의 청년 지원제도의 하나인  청년월세 한시 특별지원  제도에 대해서 알아보고 신청방법까지 안내해 드릴게요  주의 깊게 읽어 주시고  해당되시는 분들은 반드시 신청하셔서 혜택 꼭 받으시길 바랍니다    청년월세 한시 특별지원 이란  코로나   장기화로 경제적 어려움을 겪는 청년층의 주거비 부담 경감을 위해 국토교통부에서 만   세에서   세까지의 독립 청년 가구에 월   만 원 최대   개월    만 원까지의 월세 임대료                                      서울시 청년월세 지원 지원금 청구 안내 서울시에서 서울시에 거주하는 청년들을 위한 주거환경 지원 사업인  서울시 청년월세 지원  회차  지원금 청구를 받고 있다고 하는데요  아무래도 아직 주거가 불안한 청년들을 위해서는 아주 좋은 제도 같죠  이 사업의 개요를 알아보고 신청방법까지 안내해 드릴게요  청년월세지원 사업 이란  서울에 거주하는 청년의 주거비 부담완화와 안정적 주거환경 마련을 위한 서울시의 청년 주거복지사업입니다  지원대상 신청일 기준 주민등록상 서울시에 거주 주민등록등본상 서울시에 거주하고 신청연도 기준 만    만   세 청년 임차보증금  천만원 이하 및
지원금 받는 도중에 이사하게 될 시에는 어떻게 변경해야 하나요?또한 월세 60만원 이하 적용은 관리금 미포함 기준 인가요?	질문사항에 대한 답변입니다  안녕하세요  서울생활 행복도우미    다산콜센터 지식파트너입니다     지원 대상으로 선정된 이후 서울시 내에서 월세로 이사를 하고 전입신고 및 임대차계약 변경신고를 하면 계속해서 지원이 됩니다  다만 서울시 외 지역으로 전출할 경우는 지원 불가 하므로  중지 신청을 해야 합니다        또한 이사지역의 기준에 따라 지원여부가 상이할 수 있으므로 정확한 사항은 아래 문의처로 상담바랍니다        문의처   서울주택도시공사 콜센터               상기 자료는 서울시 기준으로 안내되는 내용으로  답변 드리는 시점에서 유효함을 안내드립니다   법령 개정 및 정책 변경에 따라 변경될 수 있습니다   더 궁금하신 사항은 다산콜센터 트위터                                      카카오톡에서  서울톡                                을 친구추가하시면 편리하게 이용하실 수 있습니다   생활속의 불편한 불법주정차  청소 등 민원은 서울스마트불편신고 앱                                    을 통해서도 접수 가능합니다 드린 답변이 궁금증 해소에 도움이 되셨기를 바라며  행복한 하루 보내시기 바랍니다
서울주거포털 청년월세지원 언제 지급되나요? 선정되고, 계좌까지 개설했는데..	서울주거포털 청년월세지원은 서울시에서 운영하는 프로그램으로  신청자의 선정 및 지급일은 신청 시점과 신청자의 개인 상황에 따라 다를 수 있습니다   일반적으로 신청 후에는 서류 심사와 선정 과정이 진행되며  선정 결과는 개별적으로 통보됩니다  선정되신 경우  계좌 개설이 완료되었다면 일정한 지급일이 있을 것입니다   지급일은 신청자의 개인 상황과 서울시의 운영 상황에 따라 달라질 수 있으므로  정확한 지급일을 확인하기 위해서는 서울시 주거복지과나 서울주거포털 공식 웹사이트를 참고하시거나  신청 시 제공된 연락처로 문의하시는 것이 가장 좋습니다
군대가기전은 엄마가 서울사셔서 문제는 없었는데학교때문에 원룸구해야 됩니다 돈이문제인데요군대적금은 보증금으로 까일거같아서 ,...집값이 서울은 월세도 비싼편인가요?	비싸요 과장 살짝 보태서 타 지방보다  배 차이나요 괜히 인구밀집도  위가 아니더라구요 물론 인프라가 커서 그런거 겠지만
청년 월세지원이라는게 있길레 계속 기다리고 있는데 정확한 기간을 모르겠네요 도대체 언제인가요...? 공고가 안났나요?	서울 청년 월세지원 내공  비공개채택률   마감률   청년 월세지원이라는게 있길레 계속 기다리고 있는데 정확한 기간을 모르겠네요 도대체 언제인가요     공고가 안났나요     질문답변      년  분기부터 시행예정입니다     링크출처                 청년 월세 지원       청년 월세지원금 신청방법  서류  신청일      청년 월세 지원 청년 월세 지원사업       년부터 소득이 낮은 청년들에게 월세를 지원하는 청년 월세 지원 사업이 시행될 전망입니다  기획재정부 주재로 열린 제 차 재정사업평가위원회에서 조사가 완료된
서울청년 월세지원 신청을 하려고 하는데제 집 계약서의 임대차 기간이 2019년 8월 28일부터 2020년 8월 27일로 1년 계약이 되어있습니다. 곧 계약서 상으로는 계약이 끝나지만 따로 집주인에게 방 뺀다고 말을 안하면 자동으로 계약 연장이 된다고 해서 그대로 두었는데 계약서 갱신하지 않아도 서울청년 월세지원 신청이 가능할까요?아니면 1년 연장 계약한 계약서를 따로 받아 제출해야 할까요? ㅠㅜ이 지원제도가 현시점에 살고 있는 월세를 지원해주는건지(지난 월세를 지원금으로 보상)아니면 추후에 사는 집에 대한 월세를 지원해주는 건지(앞으로 살면서 월세 낼때 월세를 지원, 이사를 갈 경우 현재 제출한 서류 효력 x)도 함께 알려주시면 감사하겠습니다!	기간상 공문일 기준으로 조건되시면 신청해도 상관없습니다 ㅎㅎ                서울시 청년월세지원  서울 청년 월세지원 조건 신청방법 서울시 청년 월세지원 서울 청년월세지원   월   일부터 서울시에서 서울시 청년월세지원을 시작합니다   서울 청년월세지원 이란  청년  인가구의 주거안정을 지원하고 공정한 출발선을 보장하기 위한 서울시의                                 서울시 청년월세지원 가장 명확한 안내입니다신청방법  자격조건 등 참고하심 좋겠습니다
안녕하세요 요즘 서울에 방을 구하고 있는 학생인데 처음 보증금 1000에 여러 방들을 보다가 확 끌리는 방들이 없던차에 단가월세도 보게 되었습니다.기존 장기계약 방보다 컨디션도 괜찮아보이고 그래서 특별히 이런 이유가 있나 궁금합니다그리고 기본3개월 계약으로 알고있는데 이렇게 시작해서 살고있는방이 마음에들면 장기투숙도 가능한가요??단기월세 장단점이 정확히 무엇인지 잘 모르겠어요 도와주세요!!	단기월세는 말그대로 단기   짧게 사는거죠   계약을 여러번 해야한다는 단점   그러나 거처를 빨리 옮겨야하고  다른집도 계속보고싶은데 오래살기는 싫다면 단기월세 하는거죠
청년월세지원 2023년 4월꺼 21일에 입급된다하였는데 아직 안들어온건가요 ?	처리 후 입금까지는 시간이 좀 걸리니 기다려보시기 바랍니다  출처               무주택 청년월세지원 월   만   자격조건 신청방법 서류     년 총정리                아무래도 최근에는 물가가 상승하지만 소득은 그대로인 분들이 많기 때문에 부담이 되고 있는 것이 사실입니다  이와 관련해서 정부에서는 청년들의 주거 안정을 위해서 월   만 원에 해당하는 월세를 진행한다고 하는데요  그래서 오늘은 무주택 청년월세지원 자격 조건 신청 방법 서류 등에 대해서     년 기준으로 총 정리해보도록 하겠습니다
2023.05월에 신청한거 계좌등록까지 끝냈는데 지급일이 어떻게 되죠?	월에 신청한거 계좌등록까지 끝냈는데 지급일이 어떻게 되죠       지급일을 체크 할 것이 아니라 먼저 심사 완료가 되었는지  완료가 되었다면 대상자로 지정이 되었는지 체크를 하여 지정이 되었다면 그 다음 달   일 부터 지원을 해 주는 것이지요
월세 입력할 때 만원단위까지만 입력이 됩니다예를들어 555,000원이면 55만원까지만 됩니다0.5를 입력해보려고 해도 안 되더라구요근데 제 월세가 (예를들어) 555,000원인 경우엔 어떻게 입력해야 하나요?55만원이라고 해야 하나요 56만원이라고 해야 하나요?	서울청년월세지원 신청할때 천원단위 입력내공  비공개채택률   마감률    월세 입력할 때 만원단위까지만 입력이 됩니다예를들어        원이면   만원까지만 됩니다   를 입력해보려고 해도 안 되더라구요근데 제 월세가  예를들어         원인 경우엔 어떻게 입력해야 하나요   만원이라고 해야 하나요   만원이라고 해야 하나요     질문답변  천원 단위 빼고 해도 됩니다                          년 서울시 청년월세지원 사업  신청방법  서류  심사기간      서울시 청년월세지원 청년들의 주거 안정을 위한      서울 청년월세   만원 지원금   서울시 청년월세지원 사업은 청년들이  주거 고민 없이 즐거운 미래 를 꿈꿀 수 있도록  청년월세 를 지원하는 사업 입
일단 저는 지방에서 올라온지 이제 한달 됐습니다. 당장 집은 못구해서 고시원에 월세45에 살고있습니다.전입신고하고 월세 지원금 신청하는거 가능한걸로 알고있습니다.만약에 지원금을 받았다는 가정하에 의무적으로 월세집에 머물러야 하는 기간이 따로 있나요??올해 말에 다시 지방으로 내려갈 수도 있을거 같아서요	서울 청년월세지원금 질문드립니다일단 저는 지방에서 올라온지 이제 한달 됐습니다 당장 집은 못구해서 고시원에 월세  에 살고있습니다 전입신고하고 월세 지원금 신청하는거 가능한걸로 알고있습니다 만약에 지원금을 받았다는 가정하에 의무적으로 월세집에 머물러야 하는 기간이 따로 있나요  올해 말에 다시 지방으로 내려갈 수도 있을거 같아서요   따로 없습니다                     저소득 청년 월세 지원 신청방법과 관련된 자세한 내용 알려드리겠습니다  정부에서 매달   만원씩 무주택 청년 월세 지원을 받을 수 있는 조건은 아래와 같습니다   신청대상   만     세 저소득 청년  부모와 별도로 거주하는 무주택 청년  보증금  천만원   월세   만원 이하 주택 거주  기준 중위소득 요건   청년가구       이하  원가구        이하  재산 요건   청년가구    억  백만원 이하  원가구    억  천만원 이하  월  일부터 모의계산이 가능합니다  청년 월세 지원 사업 내용은 서울시  경기도 뿐만 아니라 대구  대전  부산  인천  광주 등 전국적으로 시행되며 더욱 자세한 저소득 청년 월세 지원 신청방법  대상  기간  소득 및 재산 요건  구비서류 목록 및 다운로드  모의계산기 바로가기  카톡 알림 신청 등의 자세한 내용을 확인하시기 바랍니다  확인하기                              청년 월세 지원 신청방법              저소득 청년 월세지원 신청방법은    대상  기간  가구원 범위  서류 저소득 청년 월세지원 신청방법뿐만 아니라 신청대상과 기간  가구원 범위 구비서류 목록 등의 자세한 내용을 아래에서 확인할 수 있으며  추가적인 소식을 위한 카톡 알림 신청도 가능하다  목차 저소득 청년 월                           그 외 추가질문은 댓글로 달아주시면 빠른 시간 안에 알려드리겠습니다  아이디 누르고     질문도 가능  답변에 만족하셨다면  아래 표정  좋아요  부탁드립니다
안녕하세요 현재1)언주역 2)역삼역3)선정릉4)신논현보증금은 100아래또는 무보증 월세는70에 방이 있을까요 ???	그쪽동네들은비싸지않나요 무리수일것같은데무보증이런데는가지마세요 싼데는다이유가있음괜히갔다가귀신때문에얼마못살고나오지말고요차라리출퇴근괜찮으면 대림이나 구로디지털단지쪽으루알아보세요그쪽은중국인들많아서가격이저렴한편입니다치안은조금감수하시고요채택매너
1.5평~ 2평정도 상가를 찾고 있는데 월세에 보증금이 어느정도 할까요? 뭐 지역마다 다르겠지만 대충이라도 알려주시면 감사하겠습니다.!!!	안녕하세요 천안 소재                       공인중개사입니다  네모  호갱노노    부동산 등의 웹사이트들을 들어가셔서직접원하시는 곳에 시세를 조사하실 수 있습니다  서울같은 경우에는 지역에 따라 상가임대료가 많이 차이가 나므로 잘따져보시어 좋은상권에 입점하시길 바랍니다 답변 채택 사랑입니다  유튜브                                                           인스타그램                                              블로그                                  사이트                         여름
다니려는 학원은 강남 선릉쪽에 위치했고요 그 외에 필요한 조건은제가 학원 가는 날 제외 알바를 하려고 해서, 알바 일자리가 많은 곳과 인접해도 좋을 것 같습니다타지역에 위치하고 있어서 각 동네에 분위기라든지 그런 걸 잘 모르겠네요 ㅠㅠ또한 치안도 나쁘지 않은 곳이면 좋겠습니다..학원이 있는쪽은 집값이 너무나도 비싼걸 알기에, 멀리 있어도 지하철로 30분정도 이내 걸리는 위치라면 괜찮습니다	제 여자친구도 현재 대학원떄문에 서울에 살고 있는데 왕십리쪽에 살고 있습니다 전철도 바로앞에있고해서 강남도 자주다니고 가격은 월세    이라고 했는데 서울은 다    정도하지 않을까 싶어서요 여자친구는 항상 대학원에 찌들어있어서   시 정도에 밖에 나와서 걷고 뛰고하는데요  차와 사람들이 하도 많이다녀서 오히려 안전하다고하네요   저는 솔직히 서울 월세 기준도 모르지만 워낙비싸다고해서     어디를 추천할지 모르지만 여자친구가 사는 동네가 곧 안전한게 아닐까 시펑요
이게 뭔가요??	서울월세지원 홈페이지 서버에서 나오는 에러예요     에러  홈피 개발자가  고치고 있겠네요
이번에 하는 서울청년월세지원 쉐어하우스도 해당되나요?	안녕하세요지식인 대출분야 담보대출 전세자금대출 신용대출 개인회생  상담전문 뱅크솔루션입니다      하나하나 수기로 답변드리겠습니다    전입되있는 정상적인 월세계약서가 있어야가능합니다  추가적인 문의나 궁금하신 부분이 있으시면 아래의 무료신청을 통해 상담받아보실 수 있습니다 상담신청은 신용도에 아무런 영향을 주지 않고  상담만으로도 대출에 큰 정보를 얻을 수 있습니다    도움이 되셨다면 채택 부탁드리겠습니다                             잠깐  이 점 미리 주의하시길 바랍니다      가조회가 있는 금융사를 먼저 이용하셔서 본인의 신용상황을 점검해보세요    가조회후  비교해본 후 진행하시는게 유리합니다    대출상담 및 진행시  수수료를 요구하는 경우는 불법입니다    체크카드 및    카드등을 요구하는 곳은 사기이니 주의하시길 바랍니다
